GAME_ID,EVENTNUM,PERIOD,PCTIMESTRING,EVENTMSGTYPE,VIDEO_AVAILABLE_FLAG,DESCRIPTION
0022401100,39,1,PT08M36.00S,1,1,Curry 2' Reverse Layup (2 PTS) (Green 3 AST)
0022401100,52,1,PT07M43.00S,1,1,Curry 25' 3PT Pullup Jump Shot (5 PTS)
0022401100,54,1,PT07M10.00S,1,1,Curry 24' 3PT Jump Shot (8 PTS) (Green 4 AST)
0022401100,77,1,PT05M48.00S,1,1,Curry 27' 3PT Step Back Jump Shot (11 PTS)
0022401100,99,1,PT04M04.00S,1,1,Curry 24' 3PT Step Back Jump Shot (14 PTS)
0022401100,107,1,PT03M32.00S,2,1,MISS Curry 24' 3PT Running Pull-Up Jump Shot
0022401100,113,1,PT03M09.00S,1,1,Curry 4' Jump Shot (16 PTS)
0022401100,158,1,PT00M11.20S,1,1,Curry 27' 3PT Pullup Jump Shot (19 PTS) (Green 5 AST)
0022401100,234,2,PT07M22.00S,2,1,MISS Curry 13' Fadeaway Jumper
0022401100,242,2,PT06M57.00S,2,1,MISS Curry 26' 3PT Pullup Jump Shot
0022401100,275,2,PT05M24.00S,1,1,Curry 32' 3PT Pullup Jump Shot (22 PTS)
0022401100,282,2,PT04M46.00S,1,1,Curry 16' Pullup Jump Shot (24 PTS)
0022401100,300,2,PT03M52.00S,2,1,MISS Curry 15' Floating Jump Shot
0022401100,312,2,PT02M54.00S,2,1,MISS Curry 15' Jump Shot
0022401100,324,2,PT01M40.00S,1,1,Curry 3PT Jump Shot (29 PTS)
0022401100,337,2,PT00M31.40S,1,1,Curry 30' 3PT Jump Shot (32 PTS) (Butler III 4 AST)
0022401100,369,3,PT11M01.00S,2,1,MISS Curry 26' 3PT Jump Shot
0022401100,376,3,PT10M21.00S,1,1,Curry 26' 3PT Jump Shot (35 PTS) (Green 7 AST)
0022401100,397,3,PT09M10.00S,1,1,Curry 3PT Pullup Jump Shot (38 PTS) (Green 8 AST)
0022401100,449,3,PT05M27.00S,2,1,MISS Curry 32' 3PT Pullup Jump Shot
0022401100,453,3,PT05M13.00S,1,1,Curry 28' 3PT Running Pull-Up Jump Shot (43 PTS)
0022401100,457,3,PT04M42.00S,2,1,MISS Curry 10' Driving Floating Jump Shot
0022401100,461,3,PT04M07.00S,2,1,MISS Curry 6' Cutting Finger Roll Layup Shot
0022401100,621,4,PT07M19.00S,2,1,MISS Curry 26' 3PT Running Pull-Up Jump Shot
0022401100,625,4,PT06M50.00S,2,1,MISS Curry 25' 3PT Step Back Jump Shot
0022401100,644,4,PT05M40.00S,1,1,Curry 3' Driving Finger Roll Layup (47 PTS)
0022401100,654,4,PT04M36.00S,2,1,MISS Curry 25' 3PT Step Back Jump Shot
0022401100,664,4,PT03M55.00S,2,1,MISS Curry 5' Driving Floating Jump Shot
0022401100,675,4,PT03M53.00S,2,1,MISS Curry 6' Floating Jump Shot
0022401100,685,4,PT02M55.00S,1,1,Curry 3PT Jump Shot (50 PTS) (Green 11 AST)
0022401100,706,4,PT01M13.00S,2,1,MISS Curry 27' 3PT Jump Shot
0022401117,62,1,PT06M22.00S,1,1,Curry 4' Driving Finger Roll Layup (2 PTS)
0022401117,87,1,PT04M33.00S,1,1,Curry 4' Driving Floating Bank Jump Shot (4 PTS) (Santos 1 AST)
0022401117,98,1,PT03M30.00S,2,1,MISS Curry 27' 3PT Step Back Jump Shot
0022401117,247,2,PT05M59.00S,2,1,MISS Curry 25' 3PT Step Back Bank Jump Shot
0022401117,251,2,PT05M21.00S,2,1,MISS Curry 7' Driving Finger Roll Layup
0022401117,261,2,PT04M25.00S,1,1,Curry 4' Driving Reverse Layup (6 PTS) (Santos 2 AST)
0022401117,294,2,PT02M33.00S,2,1,MISS Curry 4' Driving Layup
0022401117,313,2,PT01M48.00S,1,1,Curry 31' 3PT Pullup Jump Shot (10 PTS)
0022401117,326,2,PT00M45.90S,2,1,MISS Curry 6' Driving Floating Jump Shot
0022401117,343,2,PT00M09.60S,2,1,MISS Curry 29' 3PT Step Back Jump Shot
0022401117,416,3,PT06M58.00S,1,1,Curry 28' 3PT Jump Shot (15 PTS) (Podziemski 3 AST)
0022401117,426,3,PT06M28.00S,1,1,Curry 7' Driving Finger Roll Layup (17 PTS)
0022401117,429,3,PT05M48.00S,2,1,MISS Curry 25' 3PT Step Back Jump Shot
0022401117,451,3,PT04M45.00S,1,1,Curry 1' Driving Layup (19 PTS) (Santos 3 AST)
0022401117,461,3,PT03M56.00S,2,1,MISS Curry 28' 3PT Step Back Jump Shot
0022401117,480,3,PT03M19.00S,2,1,MISS Curry 5' Driving Layup
0022401117,483,3,PT03M13.00S,1,1,Curry 3PT Step Back Jump Shot (25 PTS) (Kuminga 3 AST)
0022401117,519,3,PT00M53.10S,2,1,MISS Curry 3PT Jump Shot
0022401117,637,4,PT04M21.00S,1,1,Curry 2' Driving Layup (30 PTS) (Podziemski 4 AST)
0022401117,654,4,PT02M39.00S,2,1,MISS Curry 29' 3PT Step Back Jump Shot
0022401117,657,4,PT02M05.00S,1,1,Curry 28' 3PT Pullup Jump Shot (33 PTS) (Green 4 AST)
0022401125,37,1,PT09M16.00S,1,1,Curry 27' 3PT Step Back Jump Shot (3 PTS)
0022401125,90,1,PT05M14.00S,1,1,Curry 4' Driving Finger Roll Layup (5 PTS)
0022401125,117,1,PT03M05.00S,1,1,Curry 18' Step Back Jump Shot (7 PTS)
0022401125,282,2,PT04M45.00S,1,1,Curry 27' 3PT Jump Shot (10 PTS)
0022401125,285,2,PT04M11.00S,2,1,MISS Curry 32' 3PT Pullup Jump Shot
0022401125,298,2,PT03M07.00S,1,1,Curry 3' Driving Finger Roll Layup (12 PTS)
0022401125,316,2,PT01M46.00S,1,1,Curry 26' 3PT Pullup Jump Shot (17 PTS) (Podziemski 4 AST)
0022401125,320,2,PT01M17.00S,1,1,Curry 5' Driving Finger Roll Layup (19 PTS)
0022401125,323,2,PT01M10.00S,2,1,MISS Curry 29' 3PT Jump Shot
0022401125,331,2,PT00M37.00S,2,1,MISS Curry 20' Pullup Jump Shot
0022401125,355,2,PT00M00.80S,2,1,MISS Curry 35' 3PT Pullup Jump Shot
0022401125,399,3,PT07M32.00S,1,1,Curry 3PT Pullup Jump Shot (22 PTS) (Podziemski 5 AST)
0022401125,403,3,PT07M01.00S,2,1,MISS Curry 29' 3PT Pullup Jump Shot
0022401125,419,3,PT06M11.00S,2,1,MISS Curry 22' Pullup Jump Shot
0022401125,423,3,PT05M38.00S,1,1,Curry 26' 3PT Step Back Jump Shot (25 PTS) (Green 1 AST)
0022401125,437,3,PT04M33.00S,1,1,Curry 3PT Step Back Jump Shot (28 PTS)
0022401125,458,3,PT02M59.00S,2,1,MISS Curry 5' Driving Finger Roll Layup
0022401125,563,4,PT07M35.00S,1,1,Curry 16' Fadeaway Jumper (30 PTS)
0022401125,567,4,PT07M12.00S,2,1,MISS Curry 26' 3PT Pullup Jump Shot
0022401125,571,4,PT06M42.00S,1,1,Curry 24' 3PT Jump Shot (33 PTS) (Green 3 AST)
0022401125,618,4,PT03M00.00S,2,1,MISS Curry 27' 3PT Step Back Jump Shot
0022401125,628,4,PT02M30.00S,1,1,Curry 20' Pullup Jump Shot (35 PTS) (Santos 2 AST)
0022401125,644,4,PT01M41.00S,2,1,MISS Curry 26' 3PT Step Back Jump Shot
0022401125,650,4,PT01M01.00S,2,1,MISS Curry 30' 3PT Pullup Jump Shot
0022401143,27,1,PT09M49.00S,2,1,MISS Curry 27' 3PT Pullup Jump Shot
0022401143,61,1,PT07M10.00S,2,1,MISS Curry 3PT Pullup Jump Shot
0022401143,360,2,PT00M01.20S,1,1,Curry 37' 3PT Pullup Jump Shot (3 PTS)
0022401143,393,3,PT10M58.00S,2,1,MISS Curry 30' 3PT Jump Shot
0022401143,460,3,PT07M10.00S,2,1,MISS Curry 27' 3PT Pullup Jump Shot
0022401143,477,3,PT06M02.00S,2,1,MISS Curry 4' Driving Layup
0022401143,491,3,PT04M58.00S,2,1,MISS Curry 28' 3PT Pullup Jump Shot
0022401143,509,3,PT03M11.00S,2,1,MISS Curry 10' Driving Floating Bank Jump Shot
0022401143,614,4,PT07M28.00S,2,1,MISS Curry 27' 3PT Jump Shot
0022401143,651,4,PT03M54.00S,2,1,MISS Curry 30' 3PT Pullup Jump Shot
0022401154,42,1,PT07M42.00S,1,1,Curry 26' 3PT Step Back Jump Shot (3 PTS) (Butler III 1 AST)
0022401154,58,1,PT06M31.00S,1,1,Curry 24' 3PT Jump Shot (7 PTS) (Green 2 AST)
0022401154,83,1,PT04M59.00S,2,1,MISS Curry 28' 3PT Jump Shot
0022401154,99,1,PT04M37.00S,2,1,MISS Curry 6' Driving Floating Jump Shot
0022401154,101,1,PT04M35.00S,1,1,Curry 5' Tip Layup Shot (9 PTS)
0022401154,104,1,PT04M03.00S,1,1,Curry 16' Pullup Jump Shot (11 PTS)
0022401154,112,1,PT03M02.00S,1,1,Curry 9' Turnaround Fadeaway (13 PTS)
0022401154,209,2,PT07M36.00S,1,1,Curry 4' Cutting Layup Shot (15 PTS) (Green 3 AST)
0022401154,219,2,PT06M39.00S,2,1,MISS Curry 26' 3PT Jump Shot
0022401154,237,2,PT05M51.00S,1,1,Curry 7' Running Layup (17 PTS)
0022401154,255,2,PT04M47.00S,2,1,MISS Curry 28' 3PT Jump Shot
0022401154,303,2,PT02M18.00S,2,1,MISS Curry 27' 3PT Jump Shot
0022401154,320,2,PT00M12.80S,2,1,MISS Curry 30' 3PT Pullup Jump Shot
0022401154,349,3,PT11M15.00S,1,1,Curry 24' 3PT Jump Shot (22 PTS) (Green 4 AST)
0022401154,354,3,PT10M41.00S,1,1,Curry 6' Driving Finger Roll Layup (24 PTS) (Podziemski 2 AST)
0022401154,391,3,PT07M44.00S,2,1,MISS Curry 4' Running Layup
0022401154,425,3,PT05M23.00S,2,1,MISS Curry 28' 3PT Pullup Jump Shot
0022401163,15,1,PT10M34.00S,1,1,Curry 11' Step Back Jump Shot (2 PTS) (Green 2 AST)
0022401163,19,1,PT10M09.00S,2,1,MISS Curry 25' 3PT Running Jump Shot
0022401163,46,1,PT07M43.00S,1,1,Curry 19' Step Back Jump Shot (4 PTS)
0022401163,69,1,PT05M27.00S,1,1,Curry 26' 3PT Jump Shot (7 PTS) (Green 5 AST)
0022401163,155,1,PT00M01.50S,2,1,MISS Curry 3PT Turnaround Fadeaway Shot
0022401163,228,2,PT07M04.00S,2,1,MISS Curry 27' 3PT Jump Shot
0022401163,258,2,PT04M41.00S,1,1,Curry 2' Running Reverse Layup (9 PTS) (Moody 1 AST)
0022401163,281,2,PT03M36.00S,2,1,MISS Curry 5' Driving Finger Roll Layup
0022401163,293,2,PT03M14.00S,2,1,MISS Curry 28' 3PT Jump Shot
0022401163,355,3,PT09M32.00S,1,1,Curry 29' 3PT Jump Shot (13 PTS) (Podziemski 5 AST)
0022401163,359,3,PT09M02.00S,1,1,Curry 29' 3PT Running Pull-Up Jump Shot (16 PTS)
0022401163,380,3,PT07M15.00S,1,1,Curry 18' Step Back Jump Shot (18 PTS)
0022401163,396,3,PT06M33.00S,2,1,MISS Curry 30' 3PT Pullup Jump Shot
0022401163,408,3,PT05M14.00S,1,1,Curry 27' 3PT Jump Shot (21 PTS) (Butler III 3 AST)
0022401163,439,3,PT03M50.00S,2,1,MISS Curry 4' Driving Layup
0022401163,442,3,PT03M47.00S,2,1,MISS Curry 5' Floating Jump Shot
0022401163,453,3,PT03M13.00S,1,1,Curry 28' 3PT Pullup Jump Shot (24 PTS) (Hield 1 AST)
0022401163,501,3,PT00M00.20S,2,1,MISS Curry 30' 3PT Floating Jump Shot
0022401163,601,4,PT05M10.00S,1,1,Curry 10' Driving Floating Bank Jump Shot (26 PTS) (Butler III 6 AST)
0022401163,619,4,PT04M14.00S,2,1,MISS Curry 26' 3PT Pullup Jump Shot
0022401163,621,4,PT04M08.00S,1,1,Curry 3' Cutting Layup Shot (28 PTS) (Green 8 AST)
0022401163,629,4,PT03M38.00S,2,1,MISS Curry 28' 3PT Jump Shot
0022401163,642,4,PT02M50.00S,1,1,Curry 5' Cutting Finger Roll Layup Shot (30 PTS) (Butler III 7 AST)
0022401163,649,4,PT01M50.00S,2,1,MISS Curry 30' 3PT Pullup Jump Shot
0022401183,9,1,PT11M36.00S,2,1,MISS Curry 26' 3PT Jump Shot
0022401183,43,1,PT08M33.00S,1,1,Curry 2' Reverse Layup (2 PTS) (Green 1 AST)
0022401183,51,1,PT07M57.00S,2,1,MISS Curry 33' 3PT Running Pull-Up Jump Shot
0022401183,54,1,PT07M16.00S,2,1,MISS Curry 4' Driving Layup
0022401183,131,1,PT02M08.00S,1,1,Curry 10' Driving Floating Bank Jump Shot (4 PTS)
0022401183,259,2,PT06M43.00S,1,1,Curry 30' 3PT Jump Shot (7 PTS) (Post 1 AST)
0022401183,263,2,PT06M13.00S,2,1,MISS Curry 21' Step Back Jump Shot
0022401183,330,2,PT02M17.00S,1,1,Curry 26' 3PT Step Back Jump Shot (10 PTS) (Butler III 3 AST)
0022401183,338,2,PT01M39.00S,2,1,MISS Curry 32' 3PT Jump Shot
0022401183,406,3,PT09M02.00S,1,1,Curry 1' Running Layup (12 PTS) (Green 3 AST)
0022401183,416,3,PT08M14.00S,1,1,Curry 2' Running Layup (14 PTS) (Butler III 5 AST)
0022401183,423,3,PT08M01.00S,2,1,MISS Curry 28' 3PT Running Jump Shot
0022401183,466,3,PT05M13.00S,2,1,MISS Curry 31' 3PT Pullup Jump Shot
0022401183,478,3,PT04M28.00S,2,1,MISS Curry 27' 3PT Step Back Jump Shot
0022401198,35,1,PT08M46.00S,1,0,Curry 25' 3PT Jump Shot (5 PTS) (Butler III 1 AST)
0022401198,66,1,PT05M54.00S,2,1,MISS Curry 10' Driving Floating Jump Shot
0022401198,236,2,PT06M05.00S,2,1,MISS Curry 15' Step Back Jump Shot
0022401198,259,2,PT04M14.00S,2,1,MISS Curry 28' 3PT Pullup Jump Shot
0022401198,266,2,PT03M50.00S,2,1,MISS Curry 24' 3PT Jump Shot
0022401198,299,2,PT01M20.00S,1,1,Curry 27' 3PT Jump Shot (8 PTS) (Butler III 6 AST)
0022401198,313,2,PT00M40.30S,2,1,MISS Curry 27' 3PT Pullup Jump Shot
0022401198,321,2,PT00M07.50S,1,1,Curry 26' 3PT Jump Shot (13 PTS) (Butler III 7 AST)
0022401198,385,3,PT06M26.00S,2,1,MISS Curry 4' Driving Reverse Layup
0022401198,388,3,PT05M46.00S,1,1,Curry 7' Driving Finger Roll Layup (15 PTS)
0022401198,406,3,PT04M01.00S,2,1,MISS Curry 29' 3PT Pullup Jump Shot
0022401198,409,3,PT03M35.00S,2,1,MISS Curry 12' Driving Floating Jump Shot
0022401198,510,4,PT07M52.00S,1,1,Curry 31' 3PT Step Back Jump Shot (18 PTS)
0022401198,530,4,PT06M43.00S,1,1,Curry 3' Running Layup (20 PTS)
0022401198,536,4,PT05M58.00S,1,1,Curry 11' Driving Floating Jump Shot (22 PTS)
0022401198,549,4,PT03M38.00S,1,1,Curry 24' 3PT Jump Shot (25 PTS) (Looney 3 AST)
0022401198,570,4,PT01M56.00S,1,1,Curry 27' 3PT Pullup Jump Shot (33 PTS) (Payton II 2 AST)
0022401198,601,5,PT03M57.00S,2,1,MISS Curry 2' Alley Oop Layup
0022401198,619,5,PT02M06.00S,1,1,Curry 27' 3PT Jump Shot (36 PTS) (Butler III 9 AST)
0022401198,670,5,PT00M01.50S,2,1,MISS Curry 65' 3PT Pullup Jump Shot
0022400058,145,1,PT02M03.00S,2,1,MISS Curry 26' 3PT Jump Shot
0022400058,148,1,PT01M35.00S,2,1,MISS Curry 17' Fadeaway Jumper
0022400058,154,1,PT01M29.00S,1,1,Curry 26' 3PT Jump Shot (3 PTS) (Anderson 1 AST)
0022400058,158,1,PT00M59.70S,2,1,MISS Curry 4' Driving Finger Roll Layup
0022400058,168,1,PT00M36.70S,2,1,MISS Curry 30' 3PT Pullup Jump Shot
0022400058,172,1,PT00M06.60S,1,1,Curry 3' Driving Finger Roll Layup (5 PTS) (Anderson 3 AST)
0022400058,204,2,PT10M35.00S,1,1,Curry 5' Driving Finger Roll Layup (9 PTS) (Kuminga 1 AST)
0022400058,208,2,PT10M04.00S,2,1,MISS Curry 26' 3PT Jump Shot
0022400058,222,2,PT08M56.00S,1,1,Curry 24' 3PT Jump Shot (12 PTS) (Kuminga 2 AST)
0022400058,246,2,PT07M54.00S,2,1,MISS Curry 27' 3PT Step Back Jump Shot
0022400058,254,2,PT06M44.00S,1,1,Curry 28' 3PT Jump Shot (15 PTS) (Payton II 1 AST)
0022400058,352,2,PT00M21.60S,2,1,MISS Curry 29' 3PT Step Back Jump Shot
0022400058,382,3,PT10M40.00S,2,1,MISS Curry 3PT Jump Shot
0022400058,388,3,PT10M12.00S,2,1,MISS Curry 2' Driving Finger Roll Layup
0022400058,392,3,PT09M49.00S,2,1,MISS Curry 3PT Jump Shot
0022400058,553,3,PT00M35.10S,2,1,MISS Curry 29' 3PT Pullup Jump Shot
0022400058,582,4,PT10M27.00S,2,1,MISS Curry 15' Step Back Jump Shot
0022400058,584,4,PT10M21.00S,2,1,MISS Curry 27' 3PT Jump Shot
0022400058,613,4,PT08M11.00S,1,1,Curry 26' 3PT Jump Shot (20 PTS) (Anderson 5 AST)
0022400058,675,4,PT04M03.00S,1,1,Curry 3' Driving Finger Roll Layup (22 PTS)
0022400058,687,4,PT03M00.00S,2,1,MISS Curry 26' 3PT Step Back Jump Shot
0022400058,693,4,PT02M32.00S,1,1,Curry 14' Turnaround Fadeaway (24 PTS)
0022400058,722,4,PT01M02.00S,2,1,MISS Curry 27' 3PT Pullup Jump Shot
0022400338,145,1,PT00M32.90S,1,1,Curry 19' Driving Floating Bank Jump Shot (4 PTS) (Green 1 AST)
0022400338,159,1,PT00M05.70S,2,1,MISS Curry 27' 3PT Step Back Jump Shot
0022400338,179,2,PT10M39.00S,2,1,MISS Curry 11' Floating Jump Shot
0022400338,184,2,PT10M20.00S,2,1,MISS Curry 28' 3PT Pullup Jump Shot
0022400338,204,2,PT08M59.00S,2,1,MISS Curry 26' 3PT Jump Shot
0022400338,277,2,PT03M45.00S,2,1,MISS Curry 4' Driving Layup
0022400338,296,2,PT02M18.00S,1,1,Curry 2' Driving Finger Roll Layup (7 PTS) (Green 3 AST)
0022400338,361,3,PT11M41.00S,2,1,MISS Curry 30' 3PT Jump Shot
0022400338,365,3,PT11M18.00S,1,1,Curry 28' 3PT Jump Shot (10 PTS) (Looney 3 AST)
0022400338,506,3,PT00M14.20S,2,1,MISS Curry 6' Driving Layup
0022400338,529,3,PT00M02.20S,1,1,Curry 26' 3PT Step Back Jump Shot (18 PTS)
0022400338,547,4,PT11M23.00S,2,1,MISS Curry 28' 3PT Jump Shot
0022400338,552,4,PT10M38.00S,1,1,Curry 26' 3PT Jump Shot (21 PTS) (Anderson 1 AST)
0022400338,578,4,PT08M37.00S,2,1,MISS Curry 4' Driving Layup
0022400338,626,4,PT05M18.00S,2,1,MISS Curry 5' Driving Finger Roll Layup
0022400338,645,4,PT04M17.00S,1,1,Curry 19' Pullup Jump Shot (23 PTS) (Green 5 AST)
0022400338,650,4,PT03M50.00S,2,1,MISS Curry 32' 3PT Pullup Jump Shot
0022400355,63,1,PT06M52.00S,1,1,Curry 27' 3PT Jump Shot (4 PTS) (Kuminga 1 AST)
0022400355,135,1,PT02M02.00S,2,1,MISS Curry 29' 3PT Step Back Jump Shot
0022400355,142,1,PT01M16.00S,2,1,MISS Curry 13' Driving Floating Jump Shot
0022400355,153,1,PT00M41.40S,2,1,MISS Curry 29' 3PT Step Back Jump Shot
0022400355,177,2,PT11M08.00S,1,1,Curry 3' Driving Layup (6 PTS)
0022400355,180,2,PT10M38.00S,1,1,Curry 27' 3PT Jump Shot (9 PTS) (Green 3 AST)
0022400355,192,2,PT10M01.00S,1,1,Curry 29' 3PT Pullup Jump Shot (12 PTS)
0022400355,214,2,PT08M37.00S,1,1,Curry 5' Driving Reverse Layup (14 PTS)
0022400355,221,2,PT08M34.00S,2,1,MISS Curry 26' 3PT Jump Shot
0022400355,288,2,PT03M38.00S,2,1,MISS Curry 26' 3PT Pullup Jump Shot
0022400355,326,2,PT00M53.10S,1,1,Curry 27' 3PT Pullup Jump Shot (19 PTS) (Green 4 AST)
0022400355,330,2,PT00M17.30S,2,1,MISS Curry 25' 3PT Jump Shot
0022400355,365,3,PT09M54.00S,1,1,Curry 7' Driving Finger Roll Layup (21 PTS) (Green 5 AST)
0022400355,491,3,PT01M00.00S,2,1,MISS Curry 7' Driving Layup
0022400355,503,3,PT00M01.00S,1,1,Curry 39' 3PT Pullup Jump Shot (28 PTS)
0022400355,517,4,PT11M12.00S,2,1,MISS Curry 9' Driving Floating Jump Shot
0022400355,610,4,PT04M22.00S,2,1,MISS Curry 14' Driving Floating Bank Jump Shot
0022400355,646,4,PT01M54.00S,2,1,MISS Curry 28' 3PT Pullup Jump Shot
0022401204,38,1,PT08M23.00S,1,1,Curry 3PT Jump Shot (3 PTS) (Green 2 AST)
0022401204,62,1,PT05M45.00S,2,1,MISS Curry 28' 3PT Pullup Jump Shot
0022401204,134,1,PT01M00.00S,1,1,Curry 25' 3PT Step Back Jump Shot (6 PTS)
0022401204,166,2,PT11M29.00S,1,1,Curry 11' Driving Finger Roll Layup (8 PTS)
0022401204,182,2,PT10M04.00S,2,1,MISS Curry 28' 3PT Pullup Jump Shot
0022401204,207,2,PT08M13.00S,2,1,MISS Curry 26' 3PT Step Back Jump Shot
0022401204,219,2,PT07M33.00S,2,1,MISS Curry 2' Driving Layup
0022401204,299,2,PT01M21.00S,1,1,Curry 1' Running Finger Roll Layup (10 PTS)
0022401204,312,2,PT00M02.10S,2,1,MISS Curry 30' 3PT Pullup Jump Shot
0022401204,334,3,PT10M38.00S,2,1,MISS Curry 18' Driving Floating Bank Jump Shot
0022401204,350,3,PT09M19.00S,1,1,Curry 19' Pullup Jump Shot (12 PTS)
0022401204,357,3,PT08M09.00S,1,1,Curry 2' Driving Finger Roll Layup (14 PTS)
0022401204,379,3,PT05M49.00S,1,1,Curry 9' Driving Floating Jump Shot (16 PTS)
0022401204,482,4,PT09M53.00S,1,1,Curry 25' 3PT Jump Shot (19 PTS) (Green 4 AST)
0022401204,501,4,PT08M14.00S,2,1,MISS Curry 21' Jump Shot
0022401204,559,4,PT03M12.00S,2,1,MISS Curry 25' 3PT Pullup Jump Shot
0022401204,612,4,PT00M11.10S,2,1,MISS Curry 25' 3PT Step Back Jump Shot
0022401228,60,1,PT07M28.00S,1,1,Curry 29' 3PT Pullup Jump Shot (3 PTS)
0022401228,141,1,PT01M43.00S,1,1,Curry 28' 3PT Jump Shot (6 PTS) (Green 1 AST)
0022401228,151,1,PT00M50.00S,2,1,MISS Curry 30' 3PT Jump Shot
0022401228,185,2,PT10M54.00S,1,1,Curry 27' 3PT Step Back Jump Shot (9 PTS) (Kuminga 1 AST)
0022401228,211,2,PT08M05.00S,2,1,MISS Curry 28' 3PT Pullup Jump Shot
0022401228,292,2,PT03M10.00S,1,1,Curry 27' 3PT Jump Shot (12 PTS) (Wiggins 2 AST)
0022401228,296,2,PT02M36.00S,2,1,MISS Curry 2' Driving Reverse Layup
0022401228,351,3,PT11M19.00S,1,1,Curry 28' 3PT Jump Shot (15 PTS) (Wiggins 4 AST)
0022401228,374,3,PT09M06.00S,1,1,Curry 3' Driving Finger Roll Layup (17 PTS)
0022401228,491,3,PT01M59.00S,2,1,MISS Curry 4' Driving Finger Roll Layup
0022401228,497,3,PT01M33.00S,1,1,Curry 24' 3PT Jump Shot (20 PTS) (Green 4 AST)
0022401228,508,3,PT01M03.00S,2,1,MISS Curry 6' Driving Finger Roll Layup
0022401228,539,4,PT11M01.00S,1,1,Curry 5' Driving Finger Roll Layup (22 PTS) (Kuminga 6 AST)
0022401228,562,4,PT09M39.00S,2,1,MISS Curry 27' 3PT Pullup Jump Shot
0022401228,567,4,PT09M14.00S,2,1,MISS Curry 7' Driving Floating Jump Shot
0022401228,622,4,PT05M41.00S,1,1,Curry 29' 3PT Running Pull-Up Jump Shot (26 PTS)
0022401228,643,4,PT03M34.00S,2,1,MISS Curry 26' 3PT Jump Shot
0022401228,658,4,PT01M42.00S,2,1,MISS Curry 28' 3PT Pullup Jump Shot
0022401228,666,4,PT01M25.00S,2,1,MISS Curry 28' 3PT Jump Shot
0022400366,37,1,PT09M21.00S,2,1,MISS Curry 24' 3PT Jump Shot
0022400366,54,1,PT08M19.00S,2,1,MISS Curry 25' 3PT Step Back Jump Shot
0022400366,201,2,PT11M46.00S,2,1,MISS Curry 25' 3PT Jump Shot
0022400366,227,2,PT09M50.00S,2,1,MISS Curry 25' 3PT Pullup Jump Shot
0022400366,383,2,PT00M01.00S,2,1,MISS Curry 2' Driving Layup
0022400366,422,3,PT09M28.00S,2,1,MISS Curry 30' 3PT Pullup Jump Shot
0022400366,442,3,PT08M31.00S,2,1,MISS Curry 26' 3PT Jump Shot
0022400383,24,1,PT09M37.00S,2,1,MISS Curry 26' 3PT Jump Shot
0022400383,112,1,PT03M14.00S,2,1,MISS Curry 27' 3PT Jump Shot
0022400383,121,1,PT02M31.00S,2,1,MISS Curry 24' 3PT Jump Shot
0022400383,135,1,PT01M08.00S,1,1,Curry 27' 3PT Pullup Jump Shot (3 PTS)
0022400383,161,2,PT11M40.00S,2,1,MISS Curry 26' 3PT Jump Shot
0022400383,163,2,PT11M26.00S,1,1,Curry 17' Pullup Jump Shot (5 PTS) (Jackson-Davis 2 AST)
0022400383,175,2,PT10M41.00S,1,1,Curry 26' 3PT Jump Shot (8 PTS) (Anderson 2 AST)
0022400383,178,2,PT10M07.00S,2,1,MISS Curry 25' 3PT Jump Shot
0022400383,285,2,PT04M05.00S,2,1,MISS Curry 26' 3PT Pullup Jump Shot
0022400383,329,2,PT01M13.00S,1,1,Curry 25' 3PT Step Back Jump Shot (11 PTS) (Looney 1 AST)
0022400383,335,2,PT00M40.40S,2,1,MISS Curry 5' Driving Layup
0022400383,377,3,PT10M51.00S,2,1,MISS Curry 25' 3PT Running Jump Shot
0022400383,394,3,PT09M29.00S,1,1,Curry 26' 3PT Jump Shot (14 PTS) (Schroder 2 AST)
0022400383,471,3,PT04M00.00S,1,1,Curry 17' Pullup Jump Shot (16 PTS)
0022400383,473,3,PT03M35.00S,2,1,MISS Curry 26' 3PT Pullup Jump Shot
0022400383,477,3,PT03M21.00S,1,1,Curry 3' Cutting Layup Shot (18 PTS) (Looney 2 AST)
0022400383,601,4,PT07M30.00S,2,1,MISS Curry 26' 3PT Pullup Jump Shot
0022400383,642,4,PT03M38.00S,1,1,Curry 26' 3PT Pullup Jump Shot (21 PTS)
0022400383,659,4,PT02M41.00S,1,1,Curry 27' 3PT Pullup Jump Shot (26 PTS)
0022400383,661,4,PT02M09.00S,1,1,Curry 25' 3PT Jump Shot (29 PTS) (Schroder 3 AST)
0022400383,670,4,PT01M48.00S,2,1,MISS Curry 10' Driving Finger Roll Layup
0022400403,179,2,PT10M35.00S,2,1,MISS Curry 26' 3PT Jump Shot
0022400403,280,2,PT04M12.00S,2,1,MISS Curry 16' Fadeaway Jumper
0022400403,311,2,PT01M59.00S,2,1,MISS Curry 30' 3PT Jump Shot
0022400403,321,2,PT00M02.50S,2,1,MISS Curry 30' 3PT Pullup Jump Shot
0022400403,439,3,PT03M39.00S,2,1,MISS Curry 26' 3PT Jump Shot
0022400403,478,3,PT00M41.10S,1,1,Curry 26' 3PT Pullup Jump Shot (7 PTS)
0022400403,481,3,PT00M17.40S,2,1,MISS Curry 32' 3PT Running Pull-Up Jump Shot
0022400403,523,4,PT09M59.00S,1,1,Curry 28' 3PT Jump Shot (10 PTS) (Green 5 AST)
0022400403,534,4,PT08M49.00S,2,1,MISS Curry 20' Pullup Jump Shot
0022400403,548,4,PT08M00.00S,2,1,MISS Curry 19' Step Back Jump Shot
0022400403,597,4,PT04M29.00S,2,1,MISS Curry 5' Cutting Finger Roll Layup Shot
0022400403,616,4,PT02M51.00S,2,1,MISS Curry 27' 3PT Jump Shot
0022400403,641,4,PT00M47.00S,2,1,MISS Curry 24' 3PT Step Back Jump Shot
0022400408,9,1,PT11M25.00S,1,1,Curry 2' Cutting Layup Shot (2 PTS) (Green 1 AST)
0022400408,55,1,PT06M25.00S,2,1,MISS Curry 5' Driving Finger Roll Layup
0022400408,74,1,PT04M55.00S,1,1,Curry 27' 3PT Pullup Jump Shot (5 PTS) (Green 4 AST)
0022400408,151,2,PT11M06.00S,2,1,MISS Curry 29' 3PT Jump Shot
0022400408,153,2,PT10M59.00S,1,1,Curry 26' 3PT Jump Shot (8 PTS) (Podziemski 1 AST)
0022400408,157,2,PT10M23.00S,2,1,MISS Curry 26' 3PT Pullup Jump Shot
0022400408,182,2,PT08M40.00S,2,1,MISS Curry 29' 3PT Pullup Jump Shot
0022400408,292,2,PT02M22.00S,1,1,Curry 3' Driving Layup (10 PTS)
0022400408,306,2,PT01M38.00S,1,1,Curry 29' 3PT Pullup Jump Shot (13 PTS)
0022400408,309,2,PT01M06.00S,1,1,Curry 27' 3PT Step Back Jump Shot (16 PTS)
0022400408,316,2,PT00M19.80S,2,1,MISS Curry 28' 3PT Pullup Jump Shot
0022400408,330,3,PT11M19.00S,2,1,MISS Curry 17' Pullup Jump Shot
0022400408,363,3,PT07M16.00S,1,1,Curry 27' 3PT Pullup Jump Shot (21 PTS) (Wiggins 1 AST)
0022400408,469,4,PT11M18.00S,1,1,Curry 12' Driving Floating Bank Jump Shot (23 PTS)
0022400408,497,4,PT08M59.00S,1,1,Curry 16' Step Back Jump Shot (25 PTS)
0022400408,578,4,PT03M55.00S,2,1,MISS Curry 4' Driving Reverse Layup
0022400408,585,4,PT03M40.00S,2,1,MISS Curry 25' 3PT Jump Shot
0022400408,592,4,PT03M16.00S,1,1,Curry 7' Driving Finger Roll Layup (27 PTS)
0022400408,595,4,PT02M54.00S,2,1,MISS Curry 26' 3PT Running Jump Shot
0022400408,597,4,PT02M49.00S,1,1,Curry 25' 3PT Pullup Jump Shot (30 PTS) (Schroder 5 AST)
0022400408,601,4,PT02M19.00S,2,1,MISS Curry 28' 3PT Step Back Jump Shot
0022400408,623,4,PT00M25.70S,1,1,Curry 2' Running Reverse Layup (32 PTS)
0022400408,639,4,PT00M12.90S,1,1,Curry 3PT Jump Shot (35 PTS) (Green 6 AST)
0022400408,650,4,PT00M07.60S,1,1,Curry 31' 3PT Jump Shot (38 PTS) (Wiggins 3 AST)
0022400431,15,1,PT10M40.00S,2,1,MISS Curry 27' 3PT Jump Shot
0022400431,17,1,PT10M24.00S,2,1,MISS Curry 27' 3PT Step Back Jump Shot
0022400431,40,1,PT08M20.00S,1,1,Curry 27' 3PT Jump Shot (3 PTS) (Green 1 AST)
0022400431,72,1,PT06M18.00S,1,1,Curry 17' Step Back Jump Shot (5 PTS)
0022400431,80,1,PT05M00.00S,1,1,Curry 26' 3PT Running Jump Shot (8 PTS) (Wiggins 1 AST)
0022400431,218,2,PT08M24.00S,1,1,Curry 28' 3PT Step Back Jump Shot (11 PTS)
0022400431,288,2,PT03M13.00S,1,1,Curry 6' Driving Layup (13 PTS)
0022400431,315,2,PT01M17.00S,2,1,MISS Curry 29' 3PT Jump Shot
0022400431,332,2,PT00M01.20S,1,1,Curry 18' Driving Floating Jump Shot (15 PTS)
0022400431,346,3,PT11M42.00S,2,1,MISS Curry 25' 3PT Jump Shot
0022400431,385,3,PT08M40.00S,1,1,Curry 27' 3PT Step Back Jump Shot (18 PTS)
0022400431,388,3,PT08M08.00S,2,1,MISS Curry 30' 3PT Pullup Jump Shot
0022400431,434,3,PT05M08.00S,2,1,MISS Curry 23' Jump Shot
0022400431,517,4,PT10M39.00S,2,1,MISS Curry 29' 3PT Jump Shot
0022400431,543,4,PT09M25.00S,1,1,Curry 7' Driving Layup (20 PTS)
0022400431,548,4,PT08M56.00S,2,1,MISS Curry 28' 3PT Running Pull-Up Jump Shot
0022400431,609,4,PT04M43.00S,1,1,Curry 11' Floating Jump Shot (22 PTS) (Schroder 3 AST)
0022400431,628,4,PT02M55.00S,2,1,MISS Curry 7' Hook Bank Shot
0022400431,632,4,PT02M32.00S,2,1,MISS Curry 25' 3PT Jump Shot
0022400431,643,4,PT02M01.00S,2,1,MISS Curry 18' Pullup Jump Shot
0022400431,658,4,PT00M42.00S,2,1,MISS Curry 4' Driving Floating Bank Jump Shot
0022400431,664,4,PT00M32.20S,2,1,MISS Curry 26' 3PT Step Back Jump Shot
0022400446,12,1,PT11M31.00S,2,1,MISS Curry 26' 3PT Step Back Jump Shot
0022400446,39,1,PT08M51.00S,2,1,MISS Curry 26' 3PT Running Pull-Up Jump Shot
0022400446,78,1,PT05M53.00S,2,1,MISS Curry 26' 3PT Step Back Jump Shot
0022400446,103,1,PT05M02.00S,1,1,Curry 5' Running Reverse Layup (2 PTS)
0022400446,211,2,PT10M09.00S,2,1,MISS Curry 26' 3PT Pullup Jump Shot
0022400446,236,2,PT08M39.00S,2,1,MISS Curry 4' Driving Layup
0022400446,426,3,PT07M25.00S,2,1,MISS Curry 30' 3PT Step Back Jump Shot
0022400446,453,3,PT05M48.00S,1,1,Curry 28' 3PT Pullup Jump Shot (5 PTS)
0022400446,464,3,PT04M37.00S,2,1,MISS Curry 7' Driving Finger Roll Layup
0022400446,473,3,PT04M17.00S,1,1,Curry 27' 3PT Pullup Jump Shot (8 PTS)
0022400446,476,3,PT03M54.00S,2,1,MISS Curry 29' 3PT Pullup Jump Shot
0022400446,538,3,PT00M04.20S,2,1,MISS Curry 26' 3PT Jump Shot
0022400446,614,4,PT07M49.00S,1,1,Curry 26' 3PT Step Back Jump Shot (11 PTS) (Green 5 AST)
0022400446,632,4,PT05M43.00S,2,1,MISS Curry 27' 3PT Step Back Jump Shot
0022400708,13,1,PT11M06.00S,2,1,MISS Curry 27' 3PT Running Pull-Up Jump Shot
0022400708,43,1,PT08M08.00S,1,1,Curry 9' Driving Finger Roll Layup (2 PTS)
0022400708,56,1,PT07M23.00S,2,1,MISS Curry 26' 3PT Step Back Jump Shot
0022400708,66,1,PT06M55.00S,1,1,Curry 2' Cutting Layup Shot (5 PTS) (Green 1 AST)
0022400708,70,1,PT06M17.00S,2,1,MISS Curry 3PT Jump Shot
0022400708,204,2,PT10M40.00S,2,1,MISS Curry 11' Driving Layup
0022400708,232,2,PT09M07.00S,2,1,MISS Curry 26' 3PT Step Back Jump Shot
0022400708,342,2,PT03M11.00S,2,1,MISS Curry 25' 3PT Pullup Jump Shot
0022400708,358,2,PT01M59.00S,2,1,MISS Curry 26' 3PT Pullup Jump Shot
0022400708,410,3,PT10M25.00S,2,1,MISS Curry 29' 3PT Jump Shot
0022400708,421,3,PT09M38.00S,1,1,Curry 6' Driving Layup (10 PTS) (Post 2 AST)
0022400708,435,3,PT08M08.00S,1,1,Curry 27' 3PT Pullup Jump Shot (13 PTS) (Green 4 AST)
0022400708,460,3,PT06M11.00S,2,1,MISS Curry 26' 3PT Jump Shot
0022400708,496,3,PT04M23.00S,1,1,Curry 28' 3PT Jump Shot (16 PTS) (Looney 4 AST)
0022400708,504,3,PT03M43.00S,2,1,MISS Curry 12' Driving Finger Roll Layup
0022400708,574,4,PT11M00.00S,1,1,Curry 19' Pullup Jump Shot (18 PTS)
0022400708,594,4,PT09M32.00S,2,1,MISS Curry 9' Driving Finger Roll Layup
0022400708,620,4,PT08M16.00S,2,1,MISS Curry 27' 3PT Step Back Jump Shot
0022400708,628,4,PT07M26.00S,1,1,Curry 9' Driving Layup (20 PTS) (Post 3 AST)
0022400708,673,4,PT04M11.00S,2,1,MISS Curry 26' 3PT Step Back Jump Shot
0022400708,684,4,PT02M54.00S,2,1,MISS Curry 4' Driving Layup
0022400725,12,1,PT10M56.00S,2,1,MISS Curry 11' Driving Floating Bank Jump Shot
0022400725,20,1,PT10M18.00S,2,1,MISS Curry 28' 3PT Pullup Jump Shot
0022400725,33,1,PT08M59.00S,2,1,MISS Curry 15' Driving Floating Jump Shot
0022400725,42,1,PT08M14.00S,1,1,Curry 19' Step Back Jump Shot (2 PTS)
0022400725,45,1,PT07M41.00S,2,1,MISS Curry 25' 3PT Pullup Jump Shot
0022400725,58,1,PT07M10.00S,2,1,MISS Curry 26' 3PT Jump Shot
0022400725,110,1,PT03M42.00S,2,1,MISS Curry 8' Driving Hook Shot
0022400725,114,1,PT03M21.00S,1,1,Curry 19' Pullup Jump Shot (4 PTS)
0022400725,214,2,PT09M39.00S,1,1,Curry 26' 3PT Jump Shot (7 PTS) (Green 3 AST)
0022400725,230,2,PT08M35.00S,1,1,Curry 14' Pullup Jump Shot (9 PTS) (Podziemski 3 AST)
0022400725,238,2,PT07M36.00S,2,1,MISS Curry 24' 3PT Running Pull-Up Jump Shot
0022400725,305,2,PT03M42.00S,1,1,Curry 26' 3PT Jump Shot (12 PTS) (Green 5 AST)
0022400725,316,2,PT03M14.00S,2,1,MISS Curry 27' 3PT Jump Shot
0022400725,326,2,PT02M24.00S,2,1,MISS Curry 8' Driving Floating Jump Shot
0022400725,363,3,PT10M58.00S,2,1,MISS Curry 10' Driving Floating Bank Jump Shot
0022400725,368,3,PT10M34.00S,1,1,Curry 6' Driving Floating Jump Shot (14 PTS) (Post 2 AST)
0022400725,377,3,PT09M57.00S,2,1,MISS Curry 29' 3PT Jump Shot
0022400725,392,3,PT08M51.00S,2,1,MISS Curry 24' 3PT Jump Shot
0022400725,418,3,PT06M17.00S,1,1,Curry 28' 3PT Pullup Jump Shot (17 PTS)
0022400725,462,3,PT04M17.00S,2,1,MISS Curry 24' 3PT Pullup Jump Shot
0022400725,552,4,PT10M52.00S,2,1,MISS Curry 25' 3PT Jump Shot
0022400725,556,4,PT10M44.00S,2,1,MISS Curry 4' Driving Layup
0022400725,567,4,PT10M02.00S,2,1,MISS Curry 26' 3PT Pullup Jump Shot
0022400725,571,4,PT09M56.00S,1,1,Curry 27' 3PT Jump Shot (20 PTS) (Green 7 AST)
0022400725,578,4,PT09M18.00S,2,1,MISS Curry 27' 3PT Jump Shot
0022400725,594,4,PT08M10.00S,1,1,Curry 25' 3PT Jump Shot (23 PTS) (Hield 1 AST)
0022400725,666,4,PT04M09.00S,1,1,Curry 3PT Jump Shot (26 PTS) (Looney 3 AST)
0022400725,684,4,PT03M02.00S,2,1,MISS Curry 26' 3PT Jump Shot
0022400725,712,4,PT01M25.00S,1,1,Curry 13' Step Back Jump Shot (28 PTS) (Green 8 AST)
0022400725,716,4,PT00M57.50S,1,1,Curry 3' Reverse Layup (30 PTS) (Green 9 AST)
0022400725,727,4,PT00M12.90S,2,1,MISS Curry 9' Driving Hook Shot
0022400731,9,1,PT11M37.00S,2,1,MISS Curry 4' Running Layup
0022400731,23,1,PT10M38.00S,2,1,MISS Curry 26' 3PT Jump Shot
0022400731,60,1,PT07M28.00S,2,1,MISS Curry 26' 3PT Jump Shot
0022400731,192,2,PT10M44.00S,2,1,MISS Curry 25' 3PT Jump Shot
0022400731,196,2,PT10M29.00S,1,1,Curry 3' Running Layup (4 PTS) (Green 1 AST)
0022400731,200,2,PT09M58.00S,2,1,MISS Curry 2' Driving Reverse Layup
0022400731,202,2,PT09M55.00S,2,1,MISS Curry 3' Putback Layup
0022400731,209,2,PT09M17.00S,2,1,MISS Curry 28' 3PT Pullup Jump Shot
0022400731,215,2,PT08M54.00S,2,1,MISS Curry 26' 3PT Jump Shot
0022400731,282,2,PT04M12.00S,1,1,Curry 27' 3PT Jump Shot (7 PTS) (Rowe 1 AST)
0022400731,328,2,PT01M18.00S,1,1,Curry 12' Step Back Jump Shot (9 PTS)
0022400731,332,2,PT00M50.50S,1,1,Curry 2' Driving Layup (11 PTS)
0022400731,335,2,PT00M23.20S,1,1,Curry 2' Driving Layup (13 PTS)
0022400731,354,2,PT00M01.40S,2,1,MISS Curry 27' 3PT Jump Shot
0022400731,376,3,PT10M53.00S,2,1,MISS Curry 28' 3PT Running Jump Shot
0022400731,413,3,PT07M34.00S,2,1,MISS Curry 10' Driving Finger Roll Layup
0022400731,424,3,PT06M56.00S,2,1,MISS Curry 24' 3PT Jump Shot
0022400731,432,3,PT06M30.00S,2,1,MISS Curry 5' Driving Layup
0022400731,450,3,PT05M27.00S,2,1,MISS Curry 3' Driving Reverse Layup
0022400731,494,3,PT03M46.00S,1,1,Curry 27' 3PT Jump Shot (18 PTS) (Rowe 2 AST)
0022400731,555,3,PT00M00.60S,2,1,MISS Curry 45' 3PT Pullup Jump Shot
0022400731,572,4,PT11M01.00S,1,1,Curry 6' Driving Floating Bank Jump Shot (20 PTS) (Green 3 AST)
0022400731,579,4,PT10M33.00S,1,1,Curry 28' 3PT Pullup Jump Shot (23 PTS)
0022400731,603,4,PT08M26.00S,2,1,MISS Curry 28' 3PT Step Back Jump Shot
0022400731,628,4,PT07M05.00S,1,1,Curry 3' Driving Finger Roll Layup (25 PTS)
0022400731,676,4,PT04M47.00S,1,1,Curry 26' 3PT Pullup Jump Shot (29 PTS)
0022400731,683,4,PT03M45.00S,2,1,MISS Curry 28' 3PT Step Back Jump Shot
0022400731,685,4,PT03M40.00S,1,1,Curry 28' 3PT Jump Shot (32 PTS) (Hield 5 AST)
0022400731,697,4,PT02M31.00S,2,1,MISS Curry 15' Step Back Jump Shot
0022400731,704,4,PT02M02.00S,2,1,MISS Curry 25' 3PT Jump Shot
0022400731,706,4,PT01M58.00S,2,1,MISS Curry 26' 3PT Jump Shot
0022400731,711,4,PT01M29.00S,2,1,MISS Curry 6' Driving Layup
0022400731,716,4,PT01M02.00S,1,1,Curry 29' 3PT Pullup Jump Shot (35 PTS)
0022400731,737,4,PT00M20.20S,1,1,Curry 3' Cutting Layup Shot (37 PTS) (Green 4 AST)
0022400731,743,4,PT00M12.60S,2,1,MISS Curry 28' 3PT Jump Shot
0022400745,35,1,PT08M54.00S,2,1,MISS Curry 28' 3PT Step Back Jump Shot
0022400745,70,1,PT06M05.00S,1,1,Curry 29' 3PT Jump Shot (3 PTS) (Post 1 AST)
0022400745,111,1,PT03M50.00S,1,1,Curry 27' 3PT Jump Shot (6 PTS) (Looney 1 AST)
0022400745,212,2,PT08M59.00S,2,1,MISS Curry 36' 3PT Jump Shot
0022400745,272,2,PT04M50.00S,1,1,Curry 26' 3PT Step Back Jump Shot (10 PTS)
0022400745,311,2,PT01M37.00S,2,1,MISS Curry 26' 3PT Step Back Jump Shot
0022400745,361,3,PT09M42.00S,2,1,MISS Curry 27' 3PT Jump Shot
0022400745,386,3,PT07M54.00S,1,1,Curry 30' 3PT Pullup Jump Shot (15 PTS) (Moody 2 AST)
0022400745,390,3,PT07M29.00S,1,1,Curry 28' 3PT Jump Shot (18 PTS) (Green 3 AST)
0022400745,442,3,PT04M17.00S,2,1,MISS Curry 28' 3PT Jump Shot
0022400745,462,3,PT03M13.00S,1,1,Curry 28' 3PT Step Back Jump Shot (24 PTS) (Podziemski 2 AST)
0022400745,466,3,PT02M46.00S,1,1,Curry 10' Driving Layup (26 PTS)
0022400745,484,3,PT02M08.00S,1,1,Curry 26' 3PT Step Back Jump Shot (29 PTS)
0022400745,501,3,PT01M52.00S,2,1,MISS Curry 26' 3PT Pullup Jump Shot
0022400745,505,3,PT01M35.00S,2,1,MISS Curry 3' Putback Layup
0022400745,517,3,PT01M11.00S,1,1,Curry 15' Pullup Jump Shot (31 PTS) (Podziemski 3 AST)
0022400745,524,3,PT00M14.40S,1,1,Curry 26' 3PT Pullup Jump Shot (34 PTS) (Podziemski 4 AST)
0022400745,633,4,PT05M40.00S,2,1,MISS Curry 29' 3PT Jump Shot
0022400745,640,4,PT05M00.00S,2,1,MISS Curry 25' 3PT Running Jump Shot
0022400760,9,1,PT11M28.00S,1,1,Curry 3PT Jump Shot (3 PTS) (Butler 1 AST)
0022400760,56,1,PT06M33.00S,1,1,Curry 27' 3PT Jump Shot (8 PTS) (Payton II 1 AST)
0022400760,60,1,PT06M06.00S,2,1,MISS Curry 27' 3PT Jump Shot
0022400760,77,1,PT04M55.00S,1,1,Curry 27' 3PT Jump Shot (11 PTS) (Podziemski 1 AST)
0022400760,83,1,PT04M21.00S,2,1,MISS Curry 26' 3PT Jump Shot
0022400760,90,1,PT03M40.00S,2,1,MISS Curry 24' 3PT Step Back Jump Shot
0022400760,253,2,PT04M36.00S,2,1,MISS Curry 16' Running Pull-Up Jump Shot
0022400760,279,2,PT03M32.00S,2,1,MISS Curry 28' 3PT Step Back Jump Shot
0022400760,298,2,PT01M57.00S,1,1,Curry 11' Pullup Jump Shot (15 PTS)
0022400760,312,2,PT00M36.70S,2,1,MISS Curry 27' 3PT Pullup Jump Shot
0022400760,341,3,PT10M34.00S,1,1,Curry 2' Cutting Layup Shot (17 PTS) (Green 4 AST)
0022400760,347,3,PT10M09.00S,2,1,MISS Curry 24' 3PT Jump Shot
0022400760,354,3,PT09M46.00S,1,1,Curry 11' Step Back Jump Shot (19 PTS)
0022400760,372,3,PT08M16.00S,1,1,Curry 1' Driving Finger Roll Layup (21 PTS) (Butler 5 AST)
0022400760,401,3,PT06M08.00S,2,1,MISS Curry 11' Driving Floating Bank Jump Shot
0022400760,410,3,PT05M33.00S,1,1,Curry 27' 3PT Jump Shot (24 PTS) (Payton II 3 AST)
0022400760,420,3,PT05M03.00S,2,1,MISS Curry 28' 3PT Jump Shot
0022400760,446,3,PT03M24.00S,2,1,MISS Curry 27' 3PT Jump Shot
0022400760,450,3,PT03M02.00S,1,1,Curry 1' Driving Layup (26 PTS)
0022400760,596,4,PT07M04.00S,1,1,Curry 28' 3PT Pullup Jump Shot (31 PTS)
0022400760,624,4,PT05M34.00S,1,1,Curry 26' 3PT Step Back Jump Shot (34 PTS)
0022400760,640,4,PT04M41.00S,2,1,MISS Curry 30' 3PT Pullup Jump Shot
0022400760,648,4,PT04M09.00S,1,1,Curry 1' Driving Layup (36 PTS)
0022400760,651,4,PT03M33.00S,2,1,MISS Curry 26' 3PT Step Back Jump Shot
0022400782,17,1,PT10M27.00S,1,1,Curry 12' Step Back Jump Shot (2 PTS)
0022400782,20,1,PT09M54.00S,2,1,MISS Curry 25' 3PT Jump Shot
0022400782,36,1,PT08M11.00S,2,1,MISS Curry 24' 3PT Jump Shot
0022400782,81,1,PT05M23.00S,1,1,Curry 25' 3PT Step Back Jump Shot (5 PTS)
0022400782,230,2,PT06M40.00S,2,1,MISS Curry 3PT Step Back Jump Shot
0022400782,259,2,PT05M13.00S,2,1,MISS Curry 25' 3PT Running Jump Shot
0022400782,271,2,PT03M56.00S,1,1,Curry 2' Reverse Layup (7 PTS)
0022400782,314,2,PT00M54.20S,1,1,Curry 2' Driving Floating Bank Jump Shot (9 PTS) (Butler III 4 AST)
0022400782,318,2,PT00M43.00S,2,1,MISS Curry 3PT Jump Shot
0022400782,320,2,PT00M38.70S,1,1,Curry 3PT Jump Shot (12 PTS) (Butler III 5 AST)
0022400782,332,2,PT00M07.20S,2,1,MISS Curry 3' Driving Finger Roll Layup
0022400782,391,3,PT07M04.00S,2,1,MISS Curry 8' Driving Finger Roll Layup
0022400782,409,3,PT06M02.00S,2,1,MISS Curry 13' Step Back Jump Shot
0022400782,443,3,PT03M01.00S,2,1,MISS Curry 7' Driving Floating Bank Jump Shot
0022400782,446,3,PT02M55.00S,1,1,Curry 3' Driving Finger Roll Layup (14 PTS) (Podziemski 3 AST)
0022400782,456,3,PT02M29.00S,2,1,MISS Curry 24' 3PT Jump Shot
0022400782,540,4,PT10M14.00S,2,1,MISS Curry 26' 3PT Pullup Jump Shot
0022400782,562,4,PT07M45.00S,2,1,MISS Curry 25' 3PT Jump Shot
0022400782,618,4,PT05M12.00S,1,1,Curry 3PT Jump Shot (17 PTS) (Podziemski 5 AST)
0022400782,622,4,PT04M38.00S,2,1,MISS Curry 26' 3PT Pullup Jump Shot
0022400782,637,4,PT03M31.00S,1,1,Curry 25' 3PT Jump Shot (22 PTS) (Green 5 AST)
0022400782,646,4,PT02M40.00S,2,1,MISS Curry 4' Driving Floating Jump Shot
0022400782,662,4,PT02M00.00S,1,1,Curry 2' Putback Layup (24 PTS)
0022400784,17,1,PT10M22.00S,1,1,Curry 25' 3PT Pullup Jump Shot (3 PTS) (Green 1 AST)
0022400784,29,1,PT09M22.00S,2,1,MISS Curry 25' 3PT Running Jump Shot
0022400784,78,1,PT05M38.00S,2,1,MISS Curry 3PT Jump Shot
0022400784,286,2,PT03M53.00S,1,1,Curry 24' 3PT Jump Shot (9 PTS) (Santos 2 AST)
0022400784,317,2,PT02M35.00S,2,1,MISS Curry 31' 3PT Step Back Jump Shot
0022400784,339,2,PT01M46.00S,2,1,MISS Curry 24' 3PT Jump Shot
0022400784,361,2,PT00M39.70S,1,1,Curry 2' Putback Layup (12 PTS)
0022400784,407,3,PT09M32.00S,1,1,Curry 2' Cutting Layup Shot (17 PTS) (Butler III 3 AST)
0022400784,437,3,PT07M03.00S,1,1,Curry 25' 3PT Step Back Jump Shot (20 PTS) (Podziemski 3 AST)
0022400784,446,3,PT06M21.00S,2,1,MISS Curry 25' 3PT Jump Shot
0022400784,461,3,PT06M03.00S,2,1,MISS Curry 26' 3PT Pullup Jump Shot
0022400784,560,4,PT11M20.00S,2,1,MISS Curry 26' 3PT Pullup Jump Shot
0022400784,577,4,PT10M15.00S,2,1,MISS Curry 11' Driving Layup
0022400784,618,4,PT07M11.00S,1,1,Curry 24' 3PT Jump Shot (24 PTS) (Looney 2 AST)
0022400784,657,4,PT04M25.00S,2,1,MISS Curry 25' 3PT Pullup Jump Shot
0022400784,664,4,PT03M56.00S,2,1,MISS Curry 10' Floating Jump Shot
0022400784,669,4,PT03M42.00S,1,1,Curry 25' 3PT Pullup Jump Shot (27 PTS) (Green 7 AST)
0022400805,29,1,PT09M41.00S,1,1,Curry 3PT Jump Shot (3 PTS) (Green 1 AST)
0022400805,267,2,PT05M39.00S,1,1,Curry 6' Running Layup (7 PTS)
0022400805,314,2,PT01M54.00S,2,1,MISS Curry 28' 3PT Pullup Jump Shot
0022400805,359,3,PT10M30.00S,2,1,MISS Curry 1' Driving Reverse Layup
0022400805,365,3,PT10M09.00S,2,1,MISS Curry 29' 3PT Jump Shot
0022400805,389,3,PT07M47.00S,1,1,Curry 13' Pullup Jump Shot (9 PTS) (Moody 4 AST)
0022400805,414,3,PT06M23.00S,1,1,Curry 6' Running Layup (11 PTS)
0022400805,417,3,PT06M01.00S,1,1,Curry 27' 3PT Running Pull-Up Jump Shot (14 PTS) (Hield 2 AST)
0022400805,434,3,PT04M54.00S,2,1,MISS Curry 24' 3PT Jump Shot
0022400805,449,3,PT03M39.00S,2,1,MISS Curry 28' 3PT Step Back Jump Shot
0022400805,580,4,PT06M40.00S,1,1,Curry 3PT Jump Shot (17 PTS) (Butler III 7 AST)
0022400805,590,4,PT05M56.00S,2,1,MISS Curry 24' 3PT Fadeaway Jumper
0022400805,625,4,PT03M16.00S,1,1,Curry 28' 3PT Step Back Jump Shot (20 PTS)
0022400812,13,1,PT11M02.00S,1,1,Curry 4' Cutting Layup Shot (2 PTS) (Green 1 AST)
0022400812,30,1,PT09M22.00S,2,1,MISS Curry 5' Driving Finger Roll Layup
0022400812,61,1,PT06M56.00S,1,1,Curry 3' Running Layup (4 PTS) (Green 3 AST)
0022400812,85,1,PT05M47.00S,1,1,Curry 27' 3PT Pullup Jump Shot (7 PTS)
0022400812,89,1,PT05M14.00S,2,1,MISS Curry 14' Pullup Jump Shot
0022400812,93,1,PT04M56.00S,1,1,Curry 6' Driving Layup (9 PTS)
0022400812,109,1,PT04M01.00S,2,1,MISS Curry 30' 3PT Pullup Jump Shot
0022400812,282,2,PT06M11.00S,2,1,MISS Curry 28' 3PT Jump Shot
0022400812,313,2,PT04M07.00S,1,1,Curry 5' Driving Finger Roll Layup (12 PTS) (Green 4 AST)
0022400812,347,2,PT01M06.00S,1,1,Curry 3' Reverse Layup (14 PTS) (Green 5 AST)
0022400812,354,2,PT00M29.20S,2,1,MISS Curry 30' 3PT Pullup Jump Shot
0022400812,394,3,PT10M24.00S,1,1,Curry 10' Driving Floating Jump Shot (16 PTS)
0022400812,409,3,PT08M46.00S,1,1,Curry 5' Driving Finger Roll Layup (18 PTS)
0022400812,411,3,PT08M18.00S,2,1,MISS Curry 26' 3PT Step Back Jump Shot
0022400812,446,3,PT06M16.00S,2,1,MISS Curry 10' Pullup Jump Shot
0022400812,449,3,PT05M54.00S,1,1,Curry 5' Cutting Layup Shot (22 PTS) (Green 6 AST)
0022400812,488,3,PT03M22.00S,1,1,Curry 30' 3PT Jump Shot (25 PTS) (Payton II 1 AST)
0022400812,492,3,PT02M48.00S,1,1,Curry 26' 3PT Step Back Jump Shot (28 PTS)
0022400812,495,3,PT02M18.00S,1,1,Curry 15' Driving Floating Bank Jump Shot (30 PTS)
0022400812,517,3,PT01M04.00S,2,1,MISS Curry 31' 3PT Step Back Jump Shot
0022400834,50,1,PT07M25.00S,2,1,MISS Curry 27' 3PT Jump Shot
0022400834,61,1,PT06M51.00S,2,1,MISS Curry 3' Cutting Layup Shot
0022400834,72,1,PT05M58.00S,2,1,MISS Curry 26' 3PT Pullup Jump Shot
0022400834,88,1,PT04M54.00S,2,1,MISS Curry 28' 3PT Pullup Jump Shot
0022400834,104,1,PT03M46.00S,1,1,Curry 26' 3PT Jump Shot (3 PTS) (Hield 1 AST)
0022400834,108,1,PT03M14.00S,1,1,Curry 25' 3PT Pullup Jump Shot (6 PTS)
0022400834,118,1,PT02M38.00S,1,1,Curry 5' Driving Finger Roll Layup (8 PTS) (Santos 1 AST)
0022400834,316,2,PT01M05.00S,2,1,MISS Curry 26' 3PT Jump Shot
0022400834,353,3,PT11M41.00S,2,1,MISS Curry 25' 3PT Jump Shot
0022400834,366,3,PT10M52.00S,1,1,Curry 5' Driving Finger Roll Layup (10 PTS) (Butler III 3 AST)
0022400834,392,3,PT09M00.00S,1,1,Curry 16' Pullup Jump Shot (12 PTS) (Green 3 AST)
0022400834,402,3,PT07M59.00S,2,1,MISS Curry 25' 3PT Pullup Jump Shot
0022400834,439,3,PT05M27.00S,1,1,Curry 3' Cutting Finger Roll Layup Shot (14 PTS) (Green 5 AST)
0022400834,472,3,PT03M51.00S,2,1,MISS Curry 26' 3PT Jump Shot
0022400845,28,1,PT08M53.00S,1,1,Curry 29' 3PT Jump Shot (3 PTS) (Butler III 1 AST)
0022400845,64,1,PT05M56.00S,2,1,MISS Curry 31' 3PT Pullup Jump Shot
0022400845,95,1,PT03M44.00S,1,1,Curry 4' Driving Reverse Layup (5 PTS)
0022400845,208,2,PT07M49.00S,1,1,Curry 32' 3PT Pullup Jump Shot (8 PTS)
0022400845,225,2,PT06M53.00S,1,1,Curry 5' Running Layup (10 PTS)
0022400845,236,2,PT05M57.00S,1,1,Curry 31' 3PT Running Pull-Up Jump Shot (13 PTS) (Looney 1 AST)
0022400845,240,2,PT05M24.00S,2,1,MISS Curry 22' Pullup Jump Shot
0022400845,250,2,PT05M12.00S,2,1,MISS Curry 9' Driving Layup
0022400845,263,2,PT03M58.00S,1,1,Curry 27' 3PT Step Back Jump Shot (16 PTS)
0022400845,306,2,PT00M40.70S,2,1,MISS Curry 30' 3PT Step Back Jump Shot
0022400845,313,2,PT00M00.00S,1,1,Curry 51' 3PT Pullup Jump Shot (21 PTS) (Payton II 1 AST)
0022400845,329,3,PT11M27.00S,1,1,Curry 26' 3PT Pullup Jump Shot (24 PTS) (Butler III 3 AST)
0022400845,378,3,PT07M41.00S,2,1,MISS Curry 27' 3PT Jump Shot
0022400845,388,3,PT07M09.00S,1,1,Curry 27' 3PT Jump Shot (28 PTS) (Butler III 5 AST)
0022400845,408,3,PT05M50.00S,1,1,Curry 27' 3PT Step Back Jump Shot (33 PTS)
0022400845,411,3,PT05M29.00S,1,1,Curry 24' 3PT Running Jump Shot (36 PTS) (Hield 2 AST)
0022400845,441,3,PT04M13.00S,1,1,Curry 16' Pullup Jump Shot (41 PTS)
0022400845,446,3,PT03M38.00S,1,1,Curry 13' Pullup Jump Shot (43 PTS)
0022400845,449,3,PT03M10.00S,2,1,MISS Curry 27' 3PT Pullup Jump Shot
0022400845,580,4,PT05M58.00S,2,1,MISS Curry 28' 3PT Jump Shot
0022400845,616,4,PT04M01.00S,1,1,Curry 27' 3PT Jump Shot (46 PTS) (Post 1 AST)
0022400845,634,4,PT02M37.00S,1,1,Curry 28' 3PT Jump Shot (49 PTS) (Butler III 7 AST)
0022400845,638,4,PT02M07.00S,2,1,MISS Curry 27' 3PT Jump Shot
0022400845,646,4,PT01M31.00S,1,1,Curry 28' 3PT Pullup Jump Shot (52 PTS) (Podziemski 7 AST)
0022400845,654,4,PT01M04.00S,2,1,MISS Curry 28' 3PT Pullup Jump Shot
0022400467,9,1,PT11M39.00S,1,1,Curry 27' 3PT Jump Shot (3 PTS) (Wiggins 1 AST)
0022400467,94,1,PT05M04.00S,2,1,MISS Curry 5' Driving Reverse Layup
0022400467,113,1,PT03M37.00S,2,1,MISS Curry 5' Putback Layup
0022400467,189,2,PT09M54.00S,1,1,Curry 26' 3PT Jump Shot (6 PTS) (Green 2 AST)
0022400467,196,2,PT09M00.00S,1,1,Curry 4' Driving Finger Roll Layup (8 PTS) (Green 3 AST)
0022400467,302,2,PT02M35.00S,1,1,Curry 24' 3PT Jump Shot (11 PTS) (Schroder 2 AST)
0022400467,353,3,PT10M33.00S,2,1,MISS Curry 13' Driving Floating Jump Shot
0022400467,363,3,PT09M38.00S,1,1,Curry 27' 3PT Running Pull-Up Jump Shot (14 PTS) (Schroder 4 AST)
0022400467,374,3,PT08M48.00S,1,1,Curry 6' Driving Floating Jump Shot (16 PTS) (Green 5 AST)
0022400467,411,3,PT06M20.00S,2,1,MISS Curry 23' Pullup Jump Shot
0022400467,420,3,PT05M29.00S,1,1,Curry 29' 3PT Jump Shot (19 PTS) (Hield 1 AST)
0022400467,426,3,PT04M49.00S,1,1,Curry 31' 3PT Running Pull-Up Jump Shot (22 PTS)
0022400467,443,3,PT03M47.00S,1,1,Curry 20' Pullup Jump Shot (24 PTS)
0022400467,539,4,PT09M32.00S,1,1,Curry 31' 3PT Pullup Jump Shot (27 PTS)
0022400467,542,4,PT09M12.00S,1,1,Curry 28' 3PT Running Pull-Up Jump Shot (30 PTS)
0022400492,38,1,PT07M34.00S,1,1,Curry 8' Driving Layup (2 PTS)
0022400492,60,1,PT06M06.00S,2,1,MISS Curry 27' 3PT Jump Shot
0022400492,89,1,PT03M21.00S,1,1,Curry 3PT Jump Shot (5 PTS) (Anderson 1 AST)
0022400492,168,2,PT10M07.00S,1,1,Curry 3' Cutting Layup Shot (7 PTS) (Green 2 AST)
0022400492,176,2,PT09M44.00S,1,1,Curry 26' 3PT Jump Shot (10 PTS) (Green 3 AST)
0022400492,189,2,PT08M50.00S,1,1,Curry 31' 3PT Pullup Jump Shot (14 PTS)
0022400492,292,2,PT03M00.00S,1,1,Curry 30' 3PT Step Back Jump Shot (20 PTS)
0022400492,376,3,PT09M27.00S,1,1,Curry 7' Cutting Layup Shot (22 PTS) (Green 4 AST)
0022400492,419,3,PT06M00.00S,1,1,Curry 4' Running Reverse Layup (24 PTS)
0022400492,425,3,PT05M29.00S,2,1,MISS Curry 26' 3PT Pullup Jump Shot
0022400492,450,3,PT04M10.00S,2,1,MISS Curry 27' 3PT Jump Shot
0022400492,503,3,PT00M35.00S,2,1,MISS Curry 29' 3PT Pullup Jump Shot
0022400508,21,1,PT10M12.00S,2,1,MISS Curry 29' 3PT Running Jump Shot
0022400508,30,1,PT09M29.00S,2,1,MISS Curry 32' 3PT Jump Shot
0022400508,47,1,PT08M13.00S,2,1,MISS Curry 15' Driving Floating Bank Jump Shot
0022400508,58,1,PT07M16.00S,1,1,Curry 26' 3PT Jump Shot (3 PTS) (Green 1 AST)
0022400508,82,1,PT06M28.00S,1,1,Curry 18' Pullup Jump Shot (5 PTS) (Green 2 AST)
0022400508,88,1,PT06M00.00S,1,1,Curry 27' 3PT Pullup Jump Shot (8 PTS) (Green 3 AST)
0022400508,141,1,PT02M54.00S,2,1,MISS Curry 27' 3PT Jump Shot
0022400508,212,2,PT10M23.00S,1,1,Curry 28' 3PT Jump Shot (11 PTS) (Wiggins 1 AST)
0022400508,218,2,PT09M51.00S,1,1,Curry 27' 3PT Pullup Jump Shot (14 PTS) (Green 5 AST)
0022400508,223,2,PT09M24.00S,2,1,MISS Curry 3PT Jump Shot
0022400508,323,2,PT01M43.00S,1,1,Curry 26' 3PT Jump Shot (17 PTS) (Hield 2 AST)
0022400508,337,2,PT00M11.90S,1,1,Curry 30' 3PT Pullup Jump Shot (20 PTS) (Hield 3 AST)
0022400508,353,3,PT11M46.00S,2,1,MISS Curry 29' 3PT Jump Shot
0022400508,379,3,PT09M19.00S,2,1,MISS Curry 5' Running Layup
0022400508,393,3,PT07M15.00S,2,1,MISS Curry 26' 3PT Jump Shot
0022400508,425,3,PT04M24.00S,1,1,Curry 25' 3PT Jump Shot (23 PTS) (Green 9 AST)
0022400508,506,4,PT11M32.00S,1,1,Curry 25' 3PT Step Back Jump Shot (26 PTS)
0022400508,516,4,PT09M54.00S,1,1,Curry 4' Driving Layup (28 PTS)
0022400508,527,4,PT09M27.00S,2,1,MISS Curry 37' 3PT Jump Shot
0022400508,539,4,PT08M26.00S,2,1,MISS Curry 32' 3PT Pullup Jump Shot
0022400508,556,4,PT07M26.00S,1,1,Curry 12' Driving Floating Bank Jump Shot (31 PTS) (Anderson 4 AST)
0022400508,592,4,PT04M56.00S,2,1,MISS Curry 32' 3PT Jump Shot
0022400518,47,1,PT07M37.00S,1,1,Curry 8' Driving Floating Bank Jump Shot (2 PTS)
0022400518,50,1,PT07M15.00S,2,1,MISS Curry 27' 3PT Running Pull-Up Jump Shot
0022400518,74,1,PT05M29.00S,2,1,MISS Curry 27' 3PT Jump Shot
0022400518,93,1,PT04M16.00S,1,1,Curry 3' Running Finger Roll Layup (4 PTS) (Hield 1 AST)
0022400518,116,1,PT03M11.00S,1,1,Curry 22' Step Back Jump Shot (6 PTS) (Anderson 2 AST)
0022400518,119,1,PT02M48.00S,2,1,MISS Curry 27' 3PT Jump Shot
0022400518,173,2,PT11M42.00S,1,1,Curry 28' 3PT Pullup Jump Shot (9 PTS)
0022400518,189,2,PT10M02.00S,2,1,MISS Curry 7' Driving Layup
0022400518,209,2,PT08M25.00S,2,0,MISS Curry 11' Fadeaway Jumper
0022400518,321,2,PT01M22.00S,2,1,MISS Curry 28' 3PT Pullup Jump Shot
0022400518,333,2,PT00M06.30S,2,1,MISS Curry 28' 3PT Step Back Jump Shot
0022400518,384,3,PT09M01.00S,2,1,MISS Curry 25' 3PT Jump Shot
0022400518,398,3,PT07M15.00S,2,1,MISS Curry 27' 3PT Jump Shot
0022400518,420,3,PT05M38.00S,2,1,MISS Curry 27' 3PT Pullup Jump Shot
0022400518,452,3,PT03M57.00S,2,1,MISS Curry 24' 3PT Jump Shot
0022400518,477,3,PT01M27.00S,2,1,MISS Curry 25' 3PT Running Jump Shot
0022400518,529,4,PT10M24.00S,2,1,MISS Curry 8' Running Finger Roll Layup
0022400518,602,4,PT06M13.00S,1,1,Curry 27' 3PT Jump Shot (12 PTS) (Schroder 6 AST)
0022400518,620,4,PT04M58.00S,2,1,MISS Curry 27' 3PT Pullup Jump Shot
0022400518,625,4,PT04M27.00S,2,1,MISS Curry 25' 3PT Jump Shot
0022400518,641,4,PT03M33.00S,2,1,MISS Curry 13' Pullup Jump Shot
0022400550,47,1,PT07M47.00S,1,1,Curry 30' 3PT Jump Shot (3 PTS) (Jackson-Davis 1 AST)
0022400550,56,1,PT07M03.00S,2,1,MISS Curry 13' Pullup Jump Shot
0022400550,70,1,PT05M54.00S,2,1,MISS Curry 28' 3PT Jump Shot
0022400550,88,1,PT04M38.00S,2,1,MISS Curry 6' Driving Finger Roll Layup
0022400550,93,1,PT04M06.00S,1,1,Curry 26' 3PT Step Back Jump Shot (6 PTS)
0022400550,122,1,PT02M29.00S,2,1,MISS Curry 27' 3PT Jump Shot
0022400550,130,1,PT01M45.00S,2,1,MISS Curry 25' 3PT Pullup Jump Shot
0022400550,263,2,PT05M08.00S,1,1,Curry 15' Driving Floating Jump Shot (10 PTS) (Anderson 1 AST)
0022400550,305,2,PT01M48.00S,1,1,Curry 35' 3PT Running Pull-Up Jump Shot (15 PTS)
0022400550,320,2,PT00M30.10S,2,1,MISS Curry 29' 3PT Pullup Jump Shot
0022400550,354,3,PT11M22.00S,1,1,Curry 1' Cutting Finger Roll Layup Shot (17 PTS) (Schroder 2 AST)
0022400550,424,3,PT05M52.00S,1,1,Curry 16' Turnaround Jump Shot (19 PTS) (Santos 1 AST)
0022400550,441,3,PT04M55.00S,2,1,MISS Curry 25' 3PT Step Back Jump Shot
0022400550,452,3,PT04M13.00S,1,1,Curry 18' Turnaround Jump Shot (21 PTS) (Santos 2 AST)
0022400550,540,4,PT10M59.00S,1,1,Curry 7' Running Pull-Up Jump Shot (23 PTS)
0022400550,627,4,PT04M22.00S,1,1,Curry 27' 3PT Jump Shot (26 PTS) (Anderson 2 AST)
0022400550,667,4,PT00M44.70S,2,1,MISS Curry 25' 3PT Running Pull-Up Jump Shot
0022400565,39,1,PT08M26.00S,1,1,Curry 24' 3PT Jump Shot (3 PTS) (Santos 2 AST)
0022400565,48,1,PT07M18.00S,2,1,MISS Curry 14' Driving Floating Jump Shot
0022400565,50,1,PT07M10.00S,2,1,MISS Curry 1' Driving Layup
0022400565,78,1,PT05M30.00S,1,1,Curry 29' 3PT Pullup Jump Shot (6 PTS)
0022400565,102,1,PT03M44.00S,1,1,Curry 25' 3PT Step Back Jump Shot (9 PTS)
0022400565,109,1,PT02M55.00S,1,1,Curry 26' 3PT Jump Shot (12 PTS) (Looney 2 AST)
0022400565,156,2,PT11M50.00S,2,1,MISS Curry 25' 3PT Jump Shot
0022400565,187,2,PT09M17.00S,2,1,MISS Curry 25' 3PT Jump Shot
0022400565,208,2,PT07M58.00S,2,1,MISS Curry 21' Pullup Jump Shot
0022400565,276,2,PT02M27.00S,2,1,MISS Curry 2' Driving Layup
0022400565,291,2,PT01M05.00S,1,1,Curry 3' Driving Finger Roll Layup (14 PTS)
0022400565,301,2,PT00M32.20S,2,1,MISS Curry 29' 3PT Jump Shot
0022400565,339,3,PT09M43.00S,1,1,Curry 1' Driving Layup (16 PTS)
0022400565,391,3,PT06M26.00S,1,1,Curry 25' 3PT Step Back Jump Shot (19 PTS)
0022400565,426,3,PT04M29.00S,2,1,MISS Curry 26' 3PT Turnaround Jump Shot
0022400565,431,3,PT03M44.00S,1,1,Curry 11' Driving Finger Roll Layup (23 PTS)
0022400565,536,4,PT09M08.00S,2,1,MISS Curry 11' Floating Jump Shot
0022400565,543,4,PT08M31.00S,2,1,MISS Curry 9' Driving Finger Roll Layup
0022400565,624,4,PT02M36.00S,1,1,Curry 3PT Pullup Jump Shot (26 PTS) (Looney 5 AST)
0022400565,629,4,PT01M49.00S,2,1,MISS Curry 25' 3PT Jump Shot
0022400565,640,4,PT00M47.30S,1,1,Curry 3PT Step Back Jump Shot (29 PTS) (Looney 6 AST)
0022400589,82,1,PT05M51.00S,2,1,MISS Curry 27' 3PT Step Back Jump Shot
0022400589,104,1,PT04M42.00S,2,1,MISS Curry 26' 3PT Fadeaway Jumper
0022400589,108,1,PT04M31.00S,1,1,Curry 3PT Jump Shot (3 PTS) (Santos 1 AST)
0022400589,120,1,PT03M13.00S,2,1,MISS Curry 10' Driving Floating Jump Shot
0022400589,202,2,PT10M58.00S,1,1,Curry 30' 3PT Jump Shot (6 PTS) (Moody 1 AST)
0022400589,212,2,PT10M01.00S,1,1,Curry 4' Running Layup (8 PTS)
0022400589,295,2,PT03M36.00S,2,1,MISS Curry 28' 3PT Step Back Jump Shot
0022400589,316,2,PT02M18.00S,2,1,MISS Curry 5' Driving Finger Roll Layup
0022400589,321,2,PT01M56.00S,1,1,Curry 2' Cutting Layup Shot (10 PTS) (Looney 1 AST)
0022400589,328,2,PT01M15.00S,2,1,MISS Curry 3PT Fadeaway Jumper
0022400589,335,2,PT00M42.80S,1,1,Curry 25' 3PT Jump Shot (13 PTS) (Payton II 2 AST)
0022400589,339,2,PT00M12.30S,2,1,MISS Curry 26' 3PT Step Back Jump Shot
0022400589,343,2,PT00M00.10S,2,1,MISS Curry 64' 3PT Pullup Jump Shot
0022400589,379,3,PT08M46.00S,1,1,Curry 3' Driving Reverse Layup (15 PTS)
0022400589,412,3,PT06M23.00S,2,1,MISS Curry 27' 3PT Jump Shot
0022400589,456,3,PT03M30.00S,1,1,Curry 3' Driving Layup (17 PTS)
0022400589,577,4,PT07M37.00S,1,1,Curry 5' Driving Layup (21 PTS)
0022400589,615,4,PT05M43.00S,2,1,MISS Curry 27' 3PT Running Pull-Up Jump Shot
0022400589,618,4,PT05M04.00S,2,1,MISS Curry 29' 3PT Pullup Jump Shot
0022400589,663,4,PT02M57.00S,1,1,Curry 6' Driving Layup (23 PTS)
0022400589,666,4,PT02M30.00S,1,1,Curry 26' 3PT Pullup Jump Shot (26 PTS)
0022400589,673,4,PT01M49.00S,2,1,MISS Curry 28' 3PT Step Back Jump Shot
0022400604,50,1,PT07M54.00S,2,1,MISS Curry 29' 3PT Jump Shot
0022400604,59,1,PT07M33.00S,2,1,MISS Curry 26' 3PT Pullup Jump Shot
0022400604,65,1,PT07M05.00S,1,1,Curry 30' 3PT Jump Shot (3 PTS) (Jackson-Davis 3 AST)
0022400604,107,1,PT03M43.00S,2,1,MISS Curry 30' 3PT Jump Shot
0022400604,285,2,PT03M41.00S,2,1,MISS Curry 27' 3PT Pullup Jump Shot
0022400604,294,2,PT02M56.00S,1,1,Curry 10' Driving Finger Roll Layup (7 PTS) (Moody 2 AST)
0022400604,298,2,PT02M25.00S,1,1,Curry 6' Driving Layup (9 PTS) (Hield 2 AST)
0022400604,306,2,PT01M33.00S,2,1,MISS Curry 26' 3PT Pullup Jump Shot
0022400604,323,2,PT00M23.70S,2,1,MISS Curry 29' 3PT Jump Shot
0022400604,359,3,PT10M52.00S,1,0,Curry 26' 3PT Jump Shot (12 PTS) (Payton II 3 AST)
0022400604,370,3,PT09M36.00S,2,1,MISS Curry 15' Floating Jump Shot
0022400604,409,3,PT07M00.00S,2,1,MISS Curry 30' 3PT Pullup Jump Shot
0022400604,417,3,PT06M16.00S,1,1,Curry 25' 3PT Step Back Jump Shot (15 PTS) (Moody 3 AST)
0022400604,444,3,PT04M13.00S,2,1,MISS Curry 6' Driving Layup
0022400604,461,3,PT02M44.00S,1,1,Curry 27' 3PT Pullup Jump Shot (18 PTS)
0022400604,464,3,PT02M22.00S,2,1,MISS Curry 28' 3PT Pullup Jump Shot
0022400619,50,1,PT07M32.00S,1,1,Curry 27' 3PT Jump Shot (3 PTS) (Wiggins 1 AST)
0022400619,73,1,PT05M24.00S,1,1,Curry 4' Cutting Layup Shot (5 PTS) (Jackson-Davis 1 AST)
0022400619,280,2,PT03M35.00S,2,1,MISS Curry 26' 3PT Pullup Jump Shot
0022400619,284,2,PT03M21.00S,1,1,Curry 5' Cutting Layup Shot (7 PTS) (Jackson-Davis 2 AST)
0022400619,313,2,PT01M20.00S,1,1,Curry 5' Driving Layup (10 PTS)
0022400619,317,2,PT00M56.90S,1,1,Curry 7' Driving Floating Jump Shot (12 PTS)
0022400619,508,3,PT00M04.30S,2,1,MISS Curry 16' Driving Floating Jump Shot
0022400619,544,4,PT10M22.00S,2,1,MISS Curry 4' Driving Layup
0022400619,661,4,PT01M35.00S,2,1,MISS Curry 31' 3PT Pullup Jump Shot
0022400619,685,4,PT00M40.30S,1,1,Curry 5' Driving Layup (14 PTS)
0022400619,693,4,PT00M17.70S,2,1,MISS Curry 26' 3PT Jump Shot
0022400628,68,1,PT07M27.00S,2,1,MISS Curry 8' Driving Floating Jump Shot
0022400628,78,1,PT06M54.00S,1,1,Curry 26' 3PT Jump Shot (3 PTS) (Looney 1 AST)
0022400628,95,1,PT05M28.00S,2,1,MISS Curry 20' Step Back Jump Shot
0022400628,120,1,PT04M01.00S,2,1,MISS Curry 27' 3PT Running Jump Shot
0022400628,182,1,PT00M02.10S,2,1,MISS Curry 48' 3PT Pullup Jump Shot
0022400628,199,2,PT10M36.00S,1,1,Curry 29' 3PT Jump Shot (6 PTS) (Moody 1 AST)
0022400628,234,2,PT07M58.00S,1,1,Curry 3' Cutting Layup Shot (8 PTS) (Looney 3 AST)
0022400628,299,2,PT03M46.00S,2,1,MISS Curry 29' 3PT Jump Shot
0022400628,316,2,PT02M39.00S,1,1,Curry 26' 3PT Step Back Jump Shot (11 PTS)
0022400628,381,3,PT09M21.00S,1,1,Curry 12' Driving Floating Jump Shot (13 PTS) (Santos 1 AST)
0022400628,384,3,PT09M06.00S,2,1,MISS Curry 27' 3PT Running Pull-Up Jump Shot
0022400628,386,3,PT09M02.00S,2,1,MISS Curry 27' 3PT Jump Shot
0022400628,411,3,PT07M06.00S,1,1,Curry 19' Jump Shot (15 PTS) (Jackson-Davis 1 AST)
0022400628,443,3,PT05M51.00S,2,1,MISS Curry 26' 3PT Jump Shot
0022400628,445,3,PT05M47.00S,1,1,Curry 27' 3PT Jump Shot (18 PTS) (Jackson-Davis 2 AST)
0022400628,453,3,PT05M17.00S,2,1,MISS Curry 29' 3PT Pullup Jump Shot
0022400628,603,4,PT07M59.00S,2,1,MISS Curry 20' Step Back Jump Shot
0022400628,627,4,PT06M18.00S,2,1,MISS Curry 8' Driving Finger Roll Layup
0022400628,640,4,PT05M39.00S,1,1,Curry 26' 3PT Jump Shot (21 PTS) (Looney 5 AST)
0022400644,25,1,PT10M00.00S,2,1,MISS Curry 3PT Jump Shot
0022400644,33,1,PT09M21.00S,1,1,Curry 29' 3PT Pullup Jump Shot (3 PTS)
0022400644,36,1,PT08M47.00S,2,1,MISS Curry 6' Cutting Finger Roll Layup Shot
0022400644,50,1,PT07M31.00S,1,1,Curry 27' 3PT Jump Shot (6 PTS) (Jackson-Davis 1 AST)
0022400644,54,1,PT07M02.00S,2,1,MISS Curry 4' Driving Reverse Layup
0022400644,74,1,PT05M22.00S,1,1,Curry 5' Driving Layup (8 PTS)
0022400644,89,1,PT03M55.00S,2,1,MISS Curry 27' 3PT Jump Shot
0022400644,97,1,PT03M12.00S,2,1,MISS Curry 27' 3PT Jump Shot
0022400644,185,2,PT10M00.00S,1,1,Curry 11' Driving Layup (10 PTS)
0022400644,352,3,PT10M35.00S,2,1,MISS Curry 11' Driving Floating Bank Jump Shot
0022400644,360,3,PT09M56.00S,2,1,MISS Curry 28' 3PT Pullup Jump Shot
0022400644,402,3,PT06M22.00S,2,1,MISS Curry 12' Step Back Jump Shot
0022400644,484,4,PT11M31.00S,2,1,MISS Curry 9' Driving Floating Jump Shot
0022400644,501,4,PT09M43.00S,2,1,MISS Curry 26' 3PT Pullup Jump Shot
0022400644,518,4,PT08M39.00S,2,1,MISS Curry 7' Driving Finger Roll Layup
0022400644,577,4,PT03M40.00S,2,1,MISS Curry 27' 3PT Step Back Jump Shot
0022400644,596,4,PT02M22.00S,2,1,MISS Curry 26' 3PT Step Back Jump Shot
0022400673,26,1,PT10M34.00S,2,1,MISS Curry 32' 3PT Jump Shot
0022400673,56,1,PT07M42.00S,2,1,MISS Curry 3' Cutting Layup Shot
0022400673,88,1,PT05M04.00S,2,1,MISS Curry 4' Driving Finger Roll Layup
0022400673,106,1,PT04M09.00S,2,1,MISS Curry 29' 3PT Pullup Jump Shot
0022400673,109,1,PT03M35.00S,2,1,MISS Curry 19' Fadeaway Jumper
0022400673,205,2,PT10M46.00S,1,1,Curry 19' Pullup Jump Shot (4 PTS) (Podziemski 1 AST)
0022400673,239,2,PT08M15.00S,2,1,MISS Curry 11' Driving Floating Bank Jump Shot
0022400673,444,3,PT08M51.00S,1,1,Curry 3PT Step Back Jump Shot (7 PTS) (Hield 2 AST)
0022400673,448,3,PT08M26.00S,2,1,MISS Curry 27' 3PT Running Pull-Up Jump Shot
0022400673,528,3,PT03M10.00S,1,1,Curry 27' 3PT Step Back Jump Shot (12 PTS) (Schroder 4 AST)
0022400673,603,4,PT11M04.00S,1,1,Curry 32' 3PT Jump Shot (15 PTS) (Looney 2 AST)
0022400673,622,4,PT09M23.00S,1,1,Curry 34' 3PT Jump Shot (18 PTS) (Payton II 2 AST)
0022400673,625,4,PT08M44.00S,2,1,MISS Curry 29' 3PT Step Back Jump Shot
0022400673,726,4,PT01M52.00S,1,1,Curry 33' 3PT Pullup Jump Shot (21 PTS) (Schroder 6 AST)
0022400673,753,4,PT00M09.70S,2,1,MISS Curry 28' 3PT Fadeaway Jumper
0022400685,96,1,PT05M14.00S,2,1,MISS Curry 26' 3PT Pullup Jump Shot
0022400685,230,2,PT07M38.00S,1,1,Curry 6' Driving Finger Roll Layup (2 PTS) (Wiggins 2 AST)
0022400685,240,2,PT07M15.00S,2,1,MISS Curry 3' Driving Layup
0022400685,315,2,PT01M34.00S,2,1,MISS Curry 30' 3PT Jump Shot
0022400685,321,2,PT01M11.00S,2,1,MISS Curry 13' Turnaround Jump Shot
0022400685,355,3,PT11M12.00S,1,1,Curry 19' Step Back Jump Shot (4 PTS)
0022400685,359,3,PT10M36.00S,1,1,Curry 15' Step Back Jump Shot (6 PTS)
0022400685,361,3,PT10M13.00S,2,1,MISS Curry 8' Driving Finger Roll Layup
0022400685,390,3,PT08M21.00S,2,1,MISS Curry 32' 3PT Pullup Jump Shot
0022400685,420,3,PT06M12.00S,2,1,MISS Curry 27' 3PT Step Back Jump Shot
0022400685,541,4,PT11M12.00S,1,1,Curry 31' 3PT Jump Shot (9 PTS) (Wiggins 5 AST)
0022400685,557,4,PT09M19.00S,1,1,Curry 5' Driving Layup (13 PTS) (Schroder 5 AST)
0022400685,582,4,PT07M48.00S,2,1,MISS Curry 20' Step Back Jump Shot
0022400685,623,4,PT06M08.00S,2,1,MISS Curry 24' 3PT Jump Shot
0022400864,21,1,PT10M30.00S,1,1,Curry 26' 3PT Jump Shot (3 PTS) (Podziemski 1 AST)
0022400864,43,1,PT09M02.00S,2,1,MISS Curry 26' 3PT Pullup Jump Shot
0022400864,53,1,PT08M12.00S,2,1,MISS Curry 10' Fadeaway Jumper
0022400864,93,1,PT05M42.00S,1,1,Curry 1' Cutting Layup Shot (6 PTS) (Green 2 AST)
0022400864,99,1,PT04M56.00S,1,1,Curry 25' 3PT Jump Shot (9 PTS) (Green 3 AST)
0022400864,118,1,PT03M44.00S,1,1,Curry 31' 3PT Running Pull-Up Jump Shot (12 PTS)
0022400864,127,1,PT03M00.00S,2,1,MISS Curry 30' 3PT Running Pull-Up Jump Shot
0022400864,301,2,PT03M53.00S,2,1,MISS Curry 25' 3PT Running Jump Shot
0022400864,313,2,PT03M24.00S,1,1,Curry 5' Driving Finger Roll Layup (14 PTS)
0022400864,328,2,PT01M53.00S,1,1,Curry 1' Driving Finger Roll Layup (16 PTS)
0022400864,352,2,PT00M24.90S,2,1,MISS Curry 25' 3PT Pullup Jump Shot
0022400864,422,3,PT08M02.00S,1,1,Curry 28' 3PT Pullup Jump Shot (22 PTS)
0022400864,485,3,PT03M40.00S,1,1,Curry 27' 3PT Step Back Jump Shot (25 PTS) (Payton II 4 AST)
0022400864,496,3,PT03M07.00S,1,1,Curry 3' Driving Reverse Layup (27 PTS) (Santos 2 AST)
0022400864,619,4,PT07M13.00S,1,1,Curry 2' Running Dunk (29 PTS) (Hield 3 AST)
0022400864,633,4,PT06M06.00S,2,1,MISS Curry 28' 3PT Jump Shot
0022400864,637,4,PT05M35.00S,2,1,MISS Curry 26' 3PT Pullup Jump Shot
0022400864,703,4,PT00M33.20S,2,1,MISS Curry 27' 3PT Pullup Jump Shot
0022400875,62,1,PT07M12.00S,1,1,Curry 20' Jump Shot (2 PTS) (Green 1 AST)
0022400875,70,1,PT06M39.00S,1,1,Curry 26' 3PT Jump Shot (5 PTS) (Hield 1 AST)
0022400875,80,1,PT06M14.00S,2,1,MISS Curry 26' 3PT Pullup Jump Shot
0022400875,98,1,PT04M56.00S,1,1,Curry 4' Cutting Layup Shot (7 PTS) (Green 2 AST)
0022400875,120,1,PT03M53.00S,2,1,MISS Curry 25' 3PT Jump Shot
0022400875,315,2,PT03M15.00S,2,1,MISS Curry 26' 3PT Running Pull-Up Jump Shot
0022400875,325,2,PT02M50.00S,1,1,Curry 27' 3PT Jump Shot (10 PTS) (Podziemski 1 AST)
0022400875,455,3,PT08M00.00S,2,1,MISS Curry 32' 3PT Pullup Jump Shot
0022400875,465,3,PT07M12.00S,2,1,MISS Curry 26' 3PT Jump Shot
0022400875,481,3,PT06M07.00S,2,1,MISS Curry 3' Driving Finger Roll Layup
0022400875,503,3,PT05M00.00S,2,1,MISS Curry 4' Driving Layup
0022400875,516,3,PT04M21.00S,1,1,Curry 12' Jump Shot (16 PTS)
0022400875,541,3,PT03M24.00S,1,1,Curry 28' 3PT Running Jump Shot (21 PTS) (Santos 1 AST)
0022400875,716,4,PT02M41.00S,2,1,MISS Curry 25' 3PT Jump Shot
0022400885,29,1,PT08M55.00S,1,1,Curry 2' Cutting Layup Shot (2 PTS) (Podziemski 1 AST)
0022400885,36,1,PT08M23.00S,2,1,MISS Curry 26' 3PT Jump Shot
0022400885,64,1,PT06M22.00S,1,1,Curry 25' 3PT Step Back Jump Shot (6 PTS) (Santos 1 AST)
0022400885,73,1,PT05M45.00S,2,1,MISS Curry 3' Driving Finger Roll Layup
0022400885,223,2,PT06M39.00S,2,1,MISS Curry 2' Driving Layup
0022400885,249,2,PT04M59.00S,2,1,MISS Curry 25' 3PT Jump Shot
0022400885,264,2,PT03M55.00S,2,1,MISS Curry 1' Driving Finger Roll Layup
0022400885,271,2,PT03M25.00S,1,1,Curry 1' Driving Reverse Layup (8 PTS)
0022400885,312,2,PT00M34.80S,2,1,MISS Curry 4' Driving Finger Roll Layup
0022400885,328,3,PT11M44.00S,2,1,MISS Curry 6' Driving Layup
0022400885,338,3,PT10M53.00S,1,1,Curry 2' Cutting Layup Shot (12 PTS) (Green 4 AST)
0022400885,342,3,PT10M31.00S,1,1,Curry 14' Step Back Jump Shot (14 PTS)
0022400885,358,3,PT09M11.00S,2,1,MISS Curry 28' 3PT Running Jump Shot
0022400885,380,3,PT07M31.00S,1,1,Curry 27' 3PT Jump Shot (17 PTS) (Moody 2 AST)
0022400885,399,3,PT05M26.00S,2,1,MISS Curry 3' Driving Layup
0022400885,423,3,PT04M17.00S,1,1,Curry 13' Step Back Jump Shot (19 PTS)
0022400885,431,3,PT03M28.00S,1,0,Curry 26' 3PT Pullup Jump Shot (22 PTS)
0022400885,434,3,PT03M08.00S,2,1,MISS Curry 26' 3PT Running Pull-Up Jump Shot
0022400885,577,4,PT05M15.00S,1,1,Curry 25' 3PT Jump Shot (25 PTS) (Green 8 AST)
0022400885,585,4,PT04M03.00S,2,1,MISS Curry 7' Driving Hook Shot
0022400885,636,4,PT01M29.00S,1,1,Curry 26' 3PT Jump Shot (28 PTS) (Butler III 4 AST)
0022400901,50,1,PT07M52.00S,1,1,Curry 26' 3PT Jump Shot (3 PTS) (Green 1 AST)
0022400901,73,1,PT06M02.00S,2,1,MISS Curry 27' 3PT Jump Shot
0022400901,114,1,PT03M46.00S,1,1,Curry 7' Driving Floating Bank Jump Shot (5 PTS)
0022400901,119,1,PT03M02.00S,1,1,Curry 5' Driving Finger Roll Layup (7 PTS) (Payton II 1 AST)
0022400901,121,1,PT02M32.00S,2,1,MISS Curry 12' Driving Floating Jump Shot
0022400901,258,2,PT04M31.00S,2,1,MISS Curry 27' 3PT Jump Shot
0022400901,260,2,PT04M25.00S,2,1,MISS Curry 25' 3PT Jump Shot
0022400901,289,2,PT02M40.00S,1,1,Curry 26' 3PT Running Jump Shot (10 PTS) (Santos 1 AST)
0022400901,301,2,PT02M10.00S,1,1,Curry 27' 3PT Running Jump Shot (13 PTS) (Green 5 AST)
0022400901,322,2,PT00M26.20S,2,1,MISS Curry Tip Layup Shot
0022400901,327,2,PT00M00.30S,1,1,Curry 38' 3PT Turnaround Jump Shot (16 PTS) (Butler III 3 AST)
0022400901,347,3,PT10M58.00S,1,1,Curry 1' Driving Layup (18 PTS) (Butler III 4 AST)
0022400901,358,3,PT10M03.00S,1,1,Curry 1' Driving Finger Roll Layup (21 PTS)
0022400901,374,3,PT08M18.00S,2,1,MISS Curry 27' 3PT Pullup Jump Shot
0022400901,415,3,PT05M37.00S,1,1,Curry 3PT Jump Shot (26 PTS) (Post 1 AST)
0022400901,589,4,PT06M16.00S,1,1,Curry 1' Driving Reverse Layup (28 PTS)
0022400901,604,4,PT05M23.00S,1,1,Curry 25' 3PT Jump Shot (31 PTS) (Butler III 6 AST)
0022400901,647,4,PT02M20.00S,2,1,MISS Curry 25' 3PT Pullup Jump Shot
0022400901,668,4,PT01M01.00S,1,1,Curry 3PT Jump Shot (38 PTS) (Green 10 AST)
0022400901,685,4,PT00M26.60S,2,1,MISS Curry 32' 3PT Pullup Jump Shot
0022400919,11,1,PT11M11.00S,2,1,MISS Curry 27' 3PT Jump Shot
0022400919,23,1,PT09M41.00S,2,1,MISS Curry 3PT Jump Shot
0022400919,25,1,PT09M36.00S,1,1,Curry 24' 3PT Jump Shot (3 PTS) (Moody 1 AST)
0022400919,76,1,PT05M36.00S,1,1,Curry 19' Step Back Jump Shot (5 PTS) (Green 1 AST)
0022400919,91,1,PT04M30.00S,2,1,MISS Curry 27' 3PT Step Back Jump Shot
0022400919,344,2,PT04M24.00S,1,1,Curry 11' Fadeaway Jumper (9 PTS)
0022400919,346,2,PT04M00.00S,2,1,MISS Curry 13' Fadeaway Jumper
0022400919,389,2,PT02M04.00S,2,1,MISS Curry 27' 3PT Step Back Jump Shot
0022400919,414,2,PT00M35.20S,2,1,MISS Curry 29' 3PT Step Back Jump Shot
0022400919,447,3,PT11M34.00S,2,1,MISS Curry 25' 3PT Step Back Jump Shot
0022400919,469,3,PT10M09.00S,1,1,Curry 28' 3PT Jump Shot (14 PTS) (Green 3 AST)
0022400919,494,3,PT08M32.00S,1,1,Curry 27' 3PT Jump Shot (17 PTS) (Butler III 3 AST)
0022400919,545,3,PT05M08.00S,2,1,MISS Curry 14' Step Back Jump Shot
0022400919,550,3,PT04M50.00S,2,1,MISS Curry 25' 3PT Jump Shot
0022400919,661,4,PT08M24.00S,1,1,Curry 3' Cutting Layup Shot (21 PTS) (Green 5 AST)
0022400919,668,4,PT07M54.00S,2,1,MISS Curry 27' 3PT Step Back Jump Shot
0022400919,689,4,PT06M51.00S,2,1,MISS Curry 26' 3PT Pullup Jump Shot
0022400919,705,4,PT06M06.00S,2,1,MISS Curry 26' 3PT Jump Shot
0022400919,721,4,PT05M17.00S,2,1,MISS Curry 27' 3PT Fadeaway Jumper
0022400919,738,4,PT04M08.00S,2,1,MISS Curry 6' Driving Layup
0022400919,740,4,PT04M00.00S,1,1,Curry 29' 3PT Step Back Bank Jump Shot (25 PTS)
0022400919,759,4,PT02M45.00S,1,1,Curry 3' Cutting Layup Shot (27 PTS) (Green 6 AST)
0022400938,12,1,PT11M09.00S,2,1,MISS Curry 21' Jump Shot
0022400938,36,1,PT08M55.00S,1,1,Curry 26' 3PT Jump Shot (3 PTS) (Green 1 AST)
0022400938,86,1,PT05M23.00S,1,1,Curry 4' Running Reverse Layup (5 PTS) (Hield 1 AST)
0022400938,111,1,PT03M34.00S,1,1,Curry 26' 3PT Step Back Jump Shot (8 PTS) (Santos 1 AST)
0022400938,299,2,PT02M38.00S,2,1,MISS Curry 28' 3PT Running Pull-Up Jump Shot
0022400938,346,3,PT10M46.00S,2,1,MISS Curry 3' Reverse Layup
0022400938,372,3,PT08M05.00S,2,1,MISS Curry 27' 3PT Jump Shot
0022400938,416,3,PT05M34.00S,1,1,Curry 27' 3PT Running Pull-Up Jump Shot (16 PTS) (Green 5 AST)
0022400938,448,3,PT03M28.00S,1,1,Curry 30' 3PT Jump Shot (19 PTS) (Santos 2 AST)
0022400938,456,3,PT03M01.00S,1,1,Curry 27' 3PT Jump Shot (22 PTS) (Butler III 9 AST)
0022400938,575,4,PT06M52.00S,2,1,MISS Curry 29' 3PT Pullup Jump Shot
0022400938,613,4,PT03M46.00S,2,1,MISS Curry 29' 3PT Running Jump Shot
0022400938,639,4,PT02M33.00S,2,1,MISS Curry 3PT Jump Shot
0022400938,653,4,PT01M41.00S,2,1,MISS Curry 33' 3PT Jump Shot
0022400957,55,1,PT07M23.00S,1,1,Curry 3' Reverse Layup (2 PTS) (Green 1 AST)
0022400957,75,1,PT05M35.00S,1,1,Curry 26' 3PT Running Jump Shot (5 PTS) (Kuminga 1 AST)
0022400957,96,1,PT04M13.00S,2,1,MISS Curry 30' 3PT Pullup Jump Shot
0022400957,269,2,PT04M18.00S,2,1,MISS Curry 6' Driving Layup
0022400957,274,2,PT04M00.00S,2,1,MISS Curry 31' 3PT Pullup Jump Shot
0022400957,372,3,PT08M47.00S,1,1,Curry 4' Driving Finger Roll Layup (7 PTS)
0022400957,377,3,PT08M19.00S,1,1,Curry 28' 3PT Pullup Jump Shot (10 PTS) (Moody 4 AST)
0022400957,419,3,PT05M51.00S,2,1,MISS Curry 25' 3PT Step Back Jump Shot
0022400957,592,4,PT03M35.00S,2,1,MISS Curry 30' 3PT Running Pull-Up Jump Shot
0022400974,30,1,PT09M08.00S,2,1,MISS Curry 27' 3PT Jump Shot
0022400974,38,1,PT08M09.00S,2,1,MISS Curry 27' 3PT Jump Shot
0022400974,101,1,PT04M13.00S,1,1,Curry 29' 3PT Running Jump Shot (6 PTS) (Kuminga 2 AST)
0022400974,107,1,PT03M11.00S,2,1,MISS Curry 26' 3PT Step Back Jump Shot
0022400974,275,2,PT02M57.00S,2,1,MISS Curry 8' Turnaround Fadeaway Bank Jump Shot
0022400974,286,2,PT02M14.00S,1,1,Curry 18' Pullup Jump Shot (8 PTS) (Butler III 4 AST)
0022400974,309,2,PT00M03.10S,1,1,Curry 29' 3PT Jump Shot (11 PTS) (Green 2 AST)
0022400974,317,3,PT11M38.00S,2,1,MISS Curry 28' 3PT Step Back Jump Shot
0022400974,323,3,PT11M14.00S,2,1,MISS Curry 15' Step Back Jump Shot
0022400974,354,3,PT08M13.00S,1,1,Curry 13' Driving Floating Jump Shot (15 PTS)
0022400974,366,3,PT07M04.00S,1,1,Curry 30' 3PT Pullup Jump Shot (18 PTS) (Green 3 AST)
0022400974,373,3,PT06M17.00S,1,1,Curry 31' 3PT Pullup Jump Shot (21 PTS)
0022400974,376,3,PT05M50.00S,2,1,MISS Curry 27' 3PT Pullup Jump Shot
0022400974,423,3,PT02M58.00S,1,1,Curry 3' Cutting Layup Shot (23 PTS) (Post 2 AST)
0022400974,519,4,PT07M31.00S,2,1,MISS Curry 28' 3PT Step Back Jump Shot
0022400974,534,4,PT06M15.00S,2,1,MISS Curry 29' 3PT Jump Shot
0022400974,545,4,PT05M01.00S,1,1,Curry 4' Driving Layup (25 PTS) (Kuminga 5 AST)
0022400974,551,4,PT04M06.00S,2,1,MISS Curry 28' 3PT Step Back Jump Shot
0022400974,576,4,PT01M44.00S,2,1,MISS Curry 7' Driving Layup
0022400974,583,4,PT01M17.00S,2,1,MISS Curry 25' 3PT Pullup Jump Shot
0022400990,26,1,PT09M50.00S,2,1,MISS Curry 29' 3PT Step Back Jump Shot
0022400990,58,1,PT07M34.00S,1,1,Curry 26' 3PT Pullup Jump Shot (3 PTS) (Butler III 2 AST)
0022400990,76,1,PT05M44.00S,1,1,Curry 11' Driving Floating Jump Shot (5 PTS)
0022400990,79,1,PT05M23.00S,2,1,MISS Curry 27' 3PT Step Back Jump Shot
0022400990,111,1,PT03M29.00S,2,1,MISS Curry 18' Step Back Jump Shot
0022400990,263,2,PT07M57.00S,2,1,MISS Curry 29' 3PT Pullup Jump Shot
0022400990,273,2,PT06M56.00S,2,1,MISS Curry 27' 3PT Pullup Jump Shot
0022400990,279,2,PT06M14.00S,2,1,MISS Curry 4' Driving Layup
0022400990,305,2,PT05M02.00S,1,1,Curry 30' 3PT Pullup Jump Shot (8 PTS)
0022400990,314,2,PT04M04.00S,1,1,Curry 3PT Jump Shot (11 PTS) (Hield 1 AST)
0022400990,323,2,PT03M37.00S,2,1,MISS Curry 29' 3PT Running Jump Shot
0022400990,357,2,PT01M18.00S,2,1,MISS Curry 3' Driving Reverse Layup
0022400990,361,2,PT01M05.00S,2,1,MISS Curry 4' Running Layup
0022400990,371,2,PT00M33.90S,1,1,Curry 3' Driving Layup (13 PTS)
0022400990,423,3,PT08M19.00S,2,1,MISS Curry 29' 3PT Pullup Jump Shot
0022400990,436,3,PT07M41.00S,2,1,MISS Curry 27' 3PT Pullup Jump Shot
0022400990,634,4,PT06M14.00S,2,1,MISS Curry 21' Step Back Jump Shot
0022400990,683,4,PT03M33.00S,1,1,Curry 28' 3PT Running Jump Shot (20 PTS) (Green 5 AST)
0022400990,690,4,PT03M01.00S,2,1,MISS Curry 28' 3PT Pullup Jump Shot
0022400990,700,4,PT02M22.00S,2,1,MISS Curry 25' 3PT Running Pull-Up Jump Shot
0022400990,727,4,PT00M30.10S,2,1,MISS Curry 31' 3PT Step Back Jump Shot
0022401005,122,1,PT03M02.00S,1,1,Curry 26' 3PT Pullup Jump Shot (4 PTS) (Kuminga 1 AST)
0022401005,279,2,PT04M45.00S,2,1,MISS Curry 26' 3PT Pullup Jump Shot
0022401005,321,2,PT02M26.00S,1,1,Curry 4' Reverse Layup (6 PTS) (Green 2 AST)
0022401005,388,3,PT10M01.00S,1,1,Curry 27' 3PT Jump Shot (10 PTS) (Butler III 8 AST)
0022401005,410,3,PT08M30.00S,2,1,MISS Curry 27' 3PT Pullup Jump Shot
0022401005,450,3,PT06M29.00S,1,1,Curry 5' Layup (12 PTS) (Green 4 AST)
0022401005,480,3,PT04M38.00S,1,1,Curry 10' Cutting Layup Shot (15 PTS) (Hield 4 AST)
0022401005,485,3,PT04M06.00S,1,1,Curry 3' Cutting Layup Shot (17 PTS) (Santos 2 AST)
0022401072,10,1,PT11M13.00S,2,1,MISS Curry 24' 3PT Jump Shot
0022401072,39,1,PT08M18.00S,2,1,MISS Curry 29' 3PT Pullup Jump Shot
0022401072,115,1,PT02M59.00S,1,1,Curry 26' 3PT Jump Shot (3 PTS) (Post 1 AST)
0022401072,233,2,PT07M19.00S,1,1,Curry 10' Running Layup (5 PTS) (Kuminga 2 AST)
0022401072,259,2,PT06M13.00S,1,1,Curry 9' Driving Layup (7 PTS)
0022401072,272,2,PT05M22.00S,1,1,Curry 27' 3PT Step Back Jump Shot (10 PTS)
0022401072,285,2,PT04M19.00S,1,1,Curry 28' 3PT Jump Shot (13 PTS) (Looney 1 AST)
0022401072,289,2,PT03M59.00S,2,1,MISS Curry 26' 3PT Pullup Jump Shot
0022401072,309,2,PT02M56.00S,2,1,MISS Curry 6' Running Layup
0022401072,337,2,PT01M30.00S,2,1,MISS Curry 26' 3PT Step Back Jump Shot
0022401072,346,2,PT00M59.60S,1,1,Curry 27' 3PT Step Back Jump Shot (16 PTS) (Green 2 AST)
0022401072,380,3,PT10M15.00S,2,1,MISS Curry 30' 3PT Jump Shot
0022401072,382,3,PT10M10.00S,1,1,Curry 27' 3PT Jump Shot (19 PTS) (Butler III 2 AST)
0022401072,390,3,PT09M45.00S,2,1,MISS Curry 27' 3PT Jump Shot
0022401072,431,3,PT06M50.00S,2,1,MISS Curry 26' 3PT Step Back Jump Shot
0022401072,645,4,PT05M16.00S,2,1,MISS Curry 10' Driving Layup
0022401072,647,4,PT05M07.00S,2,1,MISS Curry 27' 3PT Jump Shot
0022401072,671,4,PT03M37.00S,2,1,MISS Curry 24' 3PT Jump Shot
0022401072,692,4,PT03M01.00S,2,1,MISS Curry 32' 3PT Jump Shot
0022401072,713,4,PT00M59.40S,2,1,MISS Curry 31' 3PT Jump Shot
0022401072,715,4,PT00M48.30S,2,1,MISS Curry 9' Driving Layup
0022401086,100,1,PT05M23.00S,1,1,Curry 21' Step Back Jump Shot (2 PTS) (Santos 2 AST)
0022401086,261,2,PT05M34.00S,1,1,Curry 32' 3PT Pullup Jump Shot (5 PTS)
0022401086,307,2,PT02M58.00S,1,1,Curry 30' 3PT Pullup Jump Shot (9 PTS)
0022401086,316,2,PT02M05.00S,2,1,MISS Curry 23' Step Back Jump Shot
0022401086,326,2,PT01M11.00S,2,1,MISS Curry 2' Driving Reverse Layup
0022401086,338,2,PT00M07.00S,2,1,MISS Curry 26' 3PT Pullup Jump Shot
0022401086,401,3,PT07M51.00S,1,1,Curry 1' Running Finger Roll Layup (13 PTS) (Moody 3 AST)
0022401086,416,3,PT07M02.00S,2,1,MISS Curry 25' 3PT Running Jump Shot
0022401086,441,3,PT05M20.00S,2,1,MISS Curry 1' Driving Layup
0022401086,460,3,PT04M22.00S,2,1,MISS Curry 15' Pullup Jump Shot
0022400155,15,1,PT11M21.00S,1,1,Curry 27' 3PT Jump Shot (3 PTS) (Green 1 AST)
0022400155,52,1,PT07M40.00S,2,1,MISS Curry 26' 3PT Jump Shot
0022400155,254,2,PT05M30.00S,2,1,MISS Curry 34' 3PT Pullup Jump Shot
0022400155,263,2,PT05M00.00S,2,1,MISS Curry 5' Driving Layup
0022400155,296,2,PT02M54.00S,2,1,MISS Curry 28' 3PT Jump Shot
0022400155,332,2,PT00M00.00S,1,1,Curry 24' 3PT Pullup Jump Shot (8 PTS) (Green 3 AST)
0022400155,423,3,PT05M59.00S,1,1,Curry 25' 3PT Jump Shot (11 PTS) (Kuminga 2 AST)
0022400155,443,3,PT04M27.00S,1,1,Curry 1' Driving Layup (13 PTS)
0022400155,480,3,PT02M55.00S,1,1,Curry 14' Pullup Jump Shot (15 PTS)
0022400155,485,3,PT02M29.00S,1,1,Curry 12' Pullup Jump Shot (18 PTS) (Looney 2 AST)
0022400155,495,3,PT01M41.00S,2,1,MISS Curry 2' Cutting Layup Shot
0022400155,503,3,PT00M43.90S,1,1,Curry 26' 3PT Step Back Jump Shot (21 PTS) (Moody 1 AST)
0022400155,529,3,PT00M04.60S,2,1,MISS Curry 34' 3PT Pullup Jump Shot
0022400155,677,4,PT02M56.00S,2,1,MISS Curry 32' 3PT Pullup Jump Shot
0022400155,691,4,PT01M47.00S,2,1,MISS Curry 2' Driving Layup
0022400172,33,1,PT09M15.00S,1,1,Curry 1' Driving Layup (2 PTS)
0022400172,54,1,PT07M40.00S,2,1,MISS Curry 3' Driving Layup
0022400172,264,2,PT03M28.00S,1,1,Curry 27' 3PT Fadeaway Jumper (6 PTS) (Green 1 AST)
0022400172,316,3,PT11M48.00S,1,1,Curry 29' 3PT Pullup Jump Shot (9 PTS)
0022400172,318,3,PT11M12.00S,1,1,Curry 13' Pullup Jump Shot (11 PTS)
0022400172,321,3,PT10M50.00S,2,1,MISS Curry 3' Driving Layup
0022400172,361,3,PT06M46.00S,2,1,MISS Curry 28' 3PT Jump Shot
0022400172,411,3,PT04M01.00S,1,1,Curry 26' 3PT Step Back Jump Shot (17 PTS)
0022400172,422,3,PT03M04.00S,2,1,MISS Curry 26' 3PT Pullup Jump Shot
0022400172,530,4,PT07M34.00S,2,1,MISS Curry 28' 3PT Step Back Jump Shot
0022400172,539,4,PT06M39.00S,2,1,MISS Curry 5' Driving Layup
0022400172,565,4,PT04M56.00S,1,1,Curry 26' 3PT Pullup Jump Shot (23 PTS)
0022400172,568,4,PT04M25.00S,2,1,MISS Curry 27' 3PT Pullup Jump Shot
0022400172,577,4,PT03M27.00S,1,1,Curry 2' Cutting Layup Shot (25 PTS) (Green 4 AST)
0022400172,585,4,PT02M30.00S,1,1,Curry 2' Driving Layup (27 PTS)
0022400172,596,4,PT01M22.00S,2,1,MISS Curry 25' 3PT Pullup Jump Shot
0022400172,598,4,PT01M15.00S,2,1,MISS Curry 3' Driving Layup
0022400188,44,1,PT08M25.00S,2,1,MISS Curry 24' 3PT Step Back Jump Shot
0022400188,53,1,PT07M41.00S,2,1,MISS Curry 7' Driving Floating Bank Jump Shot
0022400188,103,1,PT04M13.00S,1,1,Curry 21' Step Back Jump Shot (2 PTS)
0022400188,245,2,PT06M02.00S,1,1,Curry 26' 3PT Jump Shot (5 PTS) (Anderson 1 AST)
0022400188,258,2,PT05M17.00S,2,1,MISS Curry 27' 3PT Step Back Jump Shot
0022400188,286,2,PT03M55.00S,1,1,Curry 2' Driving Layup (7 PTS)
0022400188,384,3,PT09M42.00S,2,1,MISS Curry 1' Cutting Layup Shot
0022400188,428,3,PT05M42.00S,1,1,Curry 3' Driving Finger Roll Layup (10 PTS)
0022400188,444,3,PT05M14.00S,2,1,MISS Curry 3PT Jump Shot
0022400188,451,3,PT04M14.00S,1,1,Curry 1' Cutting Layup Shot (12 PTS) (Green 6 AST)
0022400207,21,1,PT10M13.00S,2,1,MISS Curry 25' 3PT Jump Shot
0022400207,40,1,PT08M58.00S,2,1,MISS Curry 24' 3PT Jump Shot
0022400207,83,1,PT05M38.00S,1,1,Curry 6' Driving Finger Roll Layup (2 PTS) (Green 2 AST)
0022400207,89,1,PT05M06.00S,2,1,MISS Curry 4' Driving Layup
0022400207,114,1,PT03M20.00S,1,1,Curry 26' 3PT Step Back Jump Shot (5 PTS) (Anderson 1 AST)
0022400207,225,2,PT07M28.00S,2,1,MISS Curry 3' Cutting Layup Shot
0022400207,241,2,PT06M32.00S,2,1,MISS Curry 3' Running Reverse Layup
0022400207,244,2,PT06M16.00S,1,1,Curry 27' 3PT Jump Shot (8 PTS) (Melton 2 AST)
0022400207,310,2,PT01M09.00S,1,1,Curry 26' 3PT Jump Shot (11 PTS) (Green 4 AST)
0022400207,347,3,PT11M44.00S,1,1,Curry 3' Cutting Layup Shot (13 PTS) (Wiggins 3 AST)
0022400207,368,3,PT10M31.00S,1,1,Curry 1' Running Reverse Layup (16 PTS)
0022400207,386,3,PT09M02.00S,2,1,MISS Curry 4' Driving Layup
0022400207,390,3,PT08M58.00S,1,1,Curry 3PT Jump Shot (19 PTS) (Green 5 AST)
0022400207,409,3,PT07M45.00S,1,1,Curry 2' Cutting Layup Shot (21 PTS) (Green 6 AST)
0022400207,413,3,PT07M08.00S,1,1,Curry 11' Driving Floating Jump Shot (23 PTS)
0022400207,426,3,PT06M38.00S,2,1,MISS Curry 26' 3PT Pullup Jump Shot
0022400207,442,3,PT05M40.00S,1,1,Curry 16' Step Back Jump Shot (25 PTS) (Green 8 AST)
0022400207,460,3,PT04M28.00S,1,1,Curry 28' 3PT Pullup Jump Shot (28 PTS)
0022400207,493,3,PT01M20.00S,2,1,MISS Curry 28' 3PT Step Back Jump Shot
0022400207,650,4,PT03M23.00S,1,1,Curry 26' 3PT Jump Shot (31 PTS) (Green 11 AST)
0022400207,659,4,PT02M56.00S,2,1,MISS Curry 27' 3PT Pullup Jump Shot
0022400207,676,4,PT01M43.00S,2,1,MISS Curry 26' 3PT Step Back Jump Shot
0022400207,680,4,PT01M13.00S,1,1,Curry 25' 3PT Step Back Jump Shot (34 PTS) (Wiggins 5 AST)
0022400007,12,1,PT11M28.00S,1,1,Curry 25' 3PT Jump Shot (3 PTS) (Green 1 AST)
0022400007,37,1,PT09M14.00S,1,1,Curry 4' Driving Finger Roll Layup (5 PTS) (Wiggins 1 AST)
0022400007,42,1,PT09M00.00S,2,1,MISS Curry 30' 3PT Running Pull-Up Jump Shot
0022400007,94,1,PT06M22.00S,1,1,Curry 32' 3PT Step Back Jump Shot (8 PTS)
0022400007,121,1,PT04M26.00S,2,1,MISS Curry 14' Fadeaway Jumper
0022400007,128,1,PT04M07.00S,1,1,Curry 20' Pullup Jump Shot (10 PTS) (Looney 1 AST)
0022400007,133,1,PT03M33.00S,2,1,MISS Curry 2' Driving Reverse Layup
0022400007,148,1,PT02M14.00S,1,1,Curry 18' Step Back Jump Shot (12 PTS)
0022400007,295,2,PT04M18.00S,2,1,MISS Curry 28' 3PT Pullup Jump Shot
0022400007,347,2,PT00M08.10S,1,1,Curry 7' Driving Floating Jump Shot (14 PTS) (Green 3 AST)
0022400007,370,3,PT11M27.00S,1,1,Curry 5' Driving Bank Hook Shot (16 PTS) (Melton 3 AST)
0022400007,383,3,PT10M06.00S,2,1,MISS Curry 5' Driving Layup
0022400007,387,3,PT09M50.00S,1,1,Curry 6' Running Layup (18 PTS) (Melton 4 AST)
0022400007,391,3,PT09M28.00S,2,1,MISS Curry 27' 3PT Jump Shot
0022400007,414,3,PT08M04.00S,1,1,Curry 28' 3PT Pullup Jump Shot (21 PTS)
0022400007,443,3,PT06M35.00S,2,1,MISS Curry 31' 3PT Pullup Jump Shot
0022400007,465,3,PT05M05.00S,2,1,MISS Curry 5' Driving Layup
0022400007,488,3,PT04M10.00S,1,1,Curry 7' Driving Floating Bank Jump Shot (23 PTS)
0022400007,520,3,PT02M09.00S,2,1,MISS Curry 5' Driving Finger Roll Layup
0022400007,522,3,PT02M06.00S,2,1,MISS Curry 3PT Jump Shot
0022400007,625,4,PT06M35.00S,2,1,MISS Curry 4' Driving Reverse Layup
0022400007,632,4,PT06M19.00S,2,1,MISS Curry 26' 3PT Step Back Jump Shot
0022400007,669,4,PT04M20.00S,2,1,MISS Curry 27' 3PT Pullup Jump Shot
0022400007,686,4,PT03M10.00S,1,1,Curry 15' Pullup Jump Shot (27 PTS)
0022400007,690,4,PT02M36.00S,1,1,Curry 29' 3PT Pullup Jump Shot (30 PTS)
0022400007,699,4,PT01M50.00S,1,1,Curry 5' Driving Finger Roll Layup (32 PTS)
0022400007,706,4,PT00M27.50S,1,1,Curry 28' 3PT Step Back Jump Shot (35 PTS)
0022400019,119,1,PT03M20.00S,2,1,MISS Curry 25' 3PT Jump Shot
0022400019,289,2,PT05M06.00S,2,1,MISS Curry 5' Running Layup
0022400019,300,2,PT04M24.00S,2,1,MISS Curry 26' 3PT Pullup Jump Shot
0022400019,325,2,PT02M40.00S,1,1,Curry 26' 3PT Jump Shot (5 PTS) (Green 4 AST)
0022400019,383,2,PT00M02.50S,1,1,Curry 13' Fadeaway Jumper (7 PTS)
0022400019,409,3,PT11M19.00S,1,1,Curry 26' 3PT Step Back Jump Shot (10 PTS)
0022400019,412,3,PT10M57.00S,2,1,MISS Curry 31' 3PT Running Pull-Up Jump Shot
0022400019,498,3,PT05M33.00S,2,1,MISS Curry 29' 3PT Pullup Jump Shot
0022400019,538,3,PT03M33.00S,1,1,Curry 26' 3PT Pullup Jump Shot (13 PTS)
0022400251,26,1,PT09M34.00S,1,1,Curry 27' 3PT Jump Shot (3 PTS)
0022400251,66,1,PT06M06.00S,2,1,MISS Curry 24' 3PT Step Back Jump Shot
0022400251,91,1,PT04M24.00S,2,1,MISS Curry 25' 3PT Jump Shot
0022400251,101,1,PT03M31.00S,2,1,MISS Curry 30' 3PT Pullup Jump Shot
0022400251,255,2,PT05M45.00S,2,1,MISS Curry 26' 3PT Jump Shot
0022400251,263,2,PT04M47.00S,1,1,Curry 17' Floating Jump Shot (5 PTS)
0022400251,305,2,PT01M44.00S,2,1,MISS Curry 26' 3PT Pullup Jump Shot
0022400251,321,2,PT00M33.60S,1,0,Curry 26' 3PT Pullup Jump Shot (8 PTS)
0022400251,341,3,PT11M49.00S,1,1,Curry 26' 3PT Step Back Jump Shot (11 PTS) (Green 3 AST)
0022400251,348,3,PT11M08.00S,2,1,MISS Curry 9' Driving Floating Jump Shot
0022400251,375,3,PT08M33.00S,1,1,Curry 26' 3PT Step Back Jump Shot (14 PTS) (Green 4 AST)
0022400251,382,3,PT07M47.00S,1,1,Curry 3PT Pullup Jump Shot (17 PTS) (Jackson-Davis 2 AST)
0022400251,392,3,PT06M49.00S,2,1,MISS Curry 26' 3PT Step Back Jump Shot
0022400251,424,3,PT04M30.00S,2,1,MISS Curry 32' 3PT Pullup Jump Shot
0022400251,551,4,PT07M42.00S,1,1,Curry 3' Cutting Layup Shot (19 PTS) (Green 6 AST)
0022400251,578,4,PT05M43.00S,1,1,Curry 31' 3PT Pullup Jump Shot (22 PTS)
0022400251,583,4,PT05M17.00S,1,1,Curry 3' Driving Layup (24 PTS)
0022400251,586,4,PT04M44.00S,2,1,MISS Curry 27' 3PT Jump Shot
0022400251,625,4,PT01M37.00S,1,1,Curry 2' Driving Layup (26 PTS)
0022400251,627,4,PT01M09.00S,2,1,MISS Curry 2' Driving Layup
0022400251,641,4,PT00M12.30S,2,1,MISS Curry 26' 3PT Jump Shot
0022400258,57,1,PT07M19.00S,2,1,MISS Curry 12' Step Back Jump Shot
0022400258,82,1,PT06M02.00S,1,1,Curry 25' 3PT Pullup Jump Shot (3 PTS) (Green 4 AST)
0022400258,95,1,PT05M09.00S,1,1,Curry 8' Fadeaway Jumper (5 PTS)
0022400258,270,2,PT06M22.00S,1,1,Curry 26' 3PT Jump Shot (9 PTS) (Wiggins 2 AST)
0022400258,322,2,PT03M24.00S,1,1,Curry 2' Cutting Layup Shot (11 PTS) (Green 5 AST)
0022400258,354,2,PT01M02.00S,2,1,MISS Curry 30' 3PT Running Jump Shot
0022400258,637,4,PT08M22.00S,2,1,MISS Curry 25' 3PT Pullup Jump Shot
0022400258,680,4,PT05M49.00S,1,1,Curry 10' Fadeaway Bank Shot (17 PTS)
0022400258,708,4,PT04M11.00S,1,1,Curry 26' 3PT Pullup Jump Shot (20 PTS)
0022400258,719,4,PT02M47.00S,1,1,Curry 28' 3PT Step Back Jump Shot (23 PTS) (Green 9 AST)
0022400032,41,1,PT09M18.00S,1,1,Curry 30' 3PT Pullup Jump Shot (3 PTS)
0022400032,85,1,PT05M37.00S,1,1,Curry 1' Reverse Layup (5 PTS) (Green 1 AST)
0022400032,91,1,PT05M00.00S,2,1,MISS Curry 27' 3PT Pullup Jump Shot
0022400032,291,2,PT04M21.00S,1,1,Curry 27' 3PT Running Jump Shot (8 PTS) (Wiggins 2 AST)
0022400032,294,2,PT03M48.00S,2,1,MISS Curry 19' Jump Shot
0022400032,307,2,PT02M48.00S,2,1,MISS Curry 16' Driving Floating Jump Shot
0022400032,326,2,PT01M03.00S,1,1,Curry 27' 3PT Jump Shot (12 PTS) (Green 3 AST)
0022400032,358,3,PT11M49.00S,2,1,MISS Curry 26' 3PT Jump Shot
0022400032,380,3,PT09M24.00S,2,1,MISS Curry 10' Fadeaway Jumper
0022400032,420,3,PT06M06.00S,1,1,Curry 28' 3PT Pullup Jump Shot (15 PTS) (Wiggins 3 AST)
0022400032,638,4,PT04M06.00S,2,1,MISS Curry 25' 3PT Jump Shot
0022400032,645,4,PT03M38.00S,2,1,MISS Curry 9' Driving Floating Jump Shot
0022400032,651,4,PT02M53.00S,1,1,Curry 1' Reverse Layup (19 PTS) (Green 5 AST)
0022400269,47,1,PT07M17.00S,1,1,Curry 1' Finger Roll Layup (2 PTS) (Green 1 AST)
0022400269,69,1,PT06M18.00S,2,1,MISS Curry 21' Pullup Jump Shot
0022400269,71,1,PT06M12.00S,1,1,Curry 25' 3PT Jump Shot (5 PTS) (Wiggins 1 AST)
0022400269,110,1,PT04M01.00S,2,1,MISS Curry 1' Driving Finger Roll Layup
0022400269,232,2,PT06M22.00S,2,1,MISS Curry 27' 3PT Jump Shot
0022400269,235,2,PT06M12.00S,2,1,MISS Curry 18' Pullup Jump Shot
0022400269,332,2,PT02M45.00S,2,1,MISS Curry 24' 3PT Jump Shot
0022400269,302,2,PT02M06.00S,2,1,MISS Curry 25' 3PT Step Back Jump Shot
0022400269,385,3,PT07M40.00S,2,1,MISS Curry 27' 3PT Jump Shot
0022400269,432,3,PT03M50.00S,1,1,Curry 1' Driving Reverse Layup (7 PTS)
0022400269,577,4,PT06M38.00S,1,1,Curry 30' 3PT Pullup Jump Shot (11 PTS)
0022400269,588,4,PT06M04.00S,2,1,MISS Curry Driving Finger Roll Layup
0022400269,596,4,PT05M32.00S,2,1,MISS Curry 26' 3PT Step Back Jump Shot
0022400269,644,4,PT02M15.00S,2,1,MISS Curry 28' 3PT Pullup Jump Shot
0022400269,666,4,PT01M19.00S,1,1,Curry 30' 3PT Jump Shot (14 PTS) (Green 8 AST)
0022400269,688,4,PT00M30.80S,2,1,MISS Curry 34' 3PT Pullup Jump Shot
0022400284,52,1,PT07M49.00S,1,1,Curry 27' 3PT Running Pull-Up Jump Shot (3 PTS) (Green 3 AST)
0022400284,79,1,PT05M30.00S,1,1,Curry 28' 3PT Jump Shot (6 PTS) (Anderson 1 AST)
0022400284,98,1,PT04M24.00S,1,1,Curry 27' 3PT Step Back Jump Shot (9 PTS) (Moody 1 AST)
0022400284,102,1,PT03M58.00S,2,1,MISS Curry 31' 3PT Running Jump Shot
0022400284,283,2,PT03M37.00S,2,1,MISS Curry 3PT Jump Shot
0022400284,341,2,PT00M15.50S,2,1,MISS Curry 24' 3PT Jump Shot
0022400284,382,3,PT10M03.00S,2,1,MISS Curry 27' 3PT Jump Shot
0022400284,395,3,PT08M26.00S,1,1,Curry 33' 3PT Pullup Jump Shot (13 PTS)
0022400284,403,3,PT07M34.00S,1,1,Curry 32' 3PT Running Pull-Up Jump Shot (16 PTS)
0022400284,438,3,PT05M08.00S,2,1,MISS Curry 29' 3PT Running Pull-Up Jump Shot
0022400284,612,4,PT06M03.00S,1,1,Curry 28' 3PT Jump Shot (20 PTS) (Green 6 AST)
0022400284,631,4,PT04M58.00S,2,1,MISS Curry 29' 3PT Step Back Jump Shot
0022400284,651,4,PT03M26.00S,1,1,Curry 25' 3PT Step Back Jump Shot (25 PTS)
0022400284,676,4,PT02M47.00S,2,1,MISS Curry 24' 3PT Jump Shot
0022400284,697,4,PT00M58.80S,2,1,MISS Curry 24' Floating Jump Shot
0022400284,707,4,PT00M40.30S,1,1,Curry 3PT Jump Shot (28 PTS) (Green 7 AST)
0022400284,713,4,PT00M24.80S,2,1,MISS Curry 27' 3PT Driving Floating Jump Shot
0022400303,14,1,PT11M19.00S,2,1,MISS Curry 30' 3PT Jump Shot
0022400303,76,1,PT05M34.00S,2,1,MISS Curry 12' Driving Floating Bank Jump Shot
0022400303,249,2,PT06M44.00S,2,1,MISS Curry 27' 3PT Pullup Jump Shot
0022400303,295,2,PT02M52.00S,2,1,MISS Curry 29' 3PT Step Back Jump Shot
0022400303,326,2,PT00M37.60S,2,1,MISS Curry 15' Pullup Jump Shot
0022400303,343,3,PT11M37.00S,1,1,Curry 25' 3PT Jump Shot (5 PTS) (Green 4 AST)
0022400303,366,3,PT09M05.00S,2,1,MISS Curry 20' Floating Jump Shot
0022400303,376,3,PT08M25.00S,2,1,MISS Curry 17' Pullup Jump Shot
0022400303,382,3,PT08M00.00S,1,1,Curry 27' 3PT Jump Shot (8 PTS) (Green 5 AST)
0022400303,387,3,PT07M38.00S,1,1,Curry 25' 3PT Pullup Jump Shot (11 PTS) (Green 6 AST)
0022400303,395,3,PT06M44.00S,2,1,MISS Curry 7' Driving Floating Bank Jump Shot
0022400303,419,3,PT05M01.00S,2,1,MISS Curry 10' Driving Floating Bank Jump Shot
0022400303,439,3,PT03M46.00S,1,1,Curry 17' Jump Shot (15 PTS)
0022400303,445,3,PT02M47.00S,1,1,Curry Layup (17 PTS) (Jackson-Davis 2 AST)
0022400303,584,4,PT05M35.00S,2,1,MISS Curry 24' 3PT Jump Shot
0022400303,594,4,PT04M51.00S,2,1,MISS Curry 27' 3PT Jump Shot
0022400303,597,4,PT04M42.00S,1,1,Curry 1' Cutting Layup Shot (19 PTS) (Green 7 AST)
0022400303,614,4,PT02M45.00S,1,1,Curry 4' Driving Floating Bank Jump Shot (21 PTS)
0022400303,630,4,PT01M11.00S,1,1,Curry 3' Driving Finger Roll Layup (23 PTS)
0022400303,637,4,PT00M59.00S,2,1,MISS Curry 24' 3PT Step Back Jump Shot
0022400303,653,4,PT00M26.50S,2,1,MISS Curry 40' 3PT Jump Shot
0022400072,27,1,PT10M18.00S,2,1,MISS Curry 26' 3PT Jump Shot
0022400072,46,1,PT09M00.00S,2,1,MISS Curry 3PT Running Pull-Up Jump Shot
0022400072,62,1,PT07M42.00S,2,1,MISS Curry 26' 3PT Jump Shot
0022400072,110,1,PT04M34.00S,2,1,MISS Curry 2' Driving Finger Roll Layup
0022400072,263,2,PT06M38.00S,2,1,MISS Curry 2' Driving Finger Roll Layup
0022400072,309,2,PT03M38.00S,1,1,Curry 2' Cutting Layup Shot (6 PTS) (Jackson-Davis 1 AST)
0022400072,375,2,PT00M03.00S,2,1,MISS Curry 25' 3PT Jump Shot
0022400072,387,3,PT11M47.00S,1,1,Curry 25' 3PT Jump Shot (11 PTS) (Green 1 AST)
0022400072,453,3,PT06M36.00S,1,1,Curry 27' 3PT Pullup Jump Shot (14 PTS)
0022400072,469,3,PT05M36.00S,1,1,Curry 3PT Jump Shot (17 PTS) (Green 3 AST)
0022400084,9,1,PT11M24.00S,1,1,Curry 2' Cutting Layup Shot (2 PTS) (Jackson-Davis 1 AST)
0022400084,12,1,PT10M54.00S,2,1,MISS Curry 26' 3PT Jump Shot
0022400084,46,1,PT07M57.00S,2,1,MISS Curry 25' 3PT Step Back Jump Shot
0022400084,109,1,PT05M01.00S,2,1,MISS Curry 28' 3PT Jump Shot
0022400084,113,1,PT04M41.00S,2,1,MISS Curry 5' Running Layup
0022400084,116,1,PT04M36.00S,2,1,MISS Curry 24' 3PT Jump Shot
0022400084,129,1,PT03M49.00S,1,1,Curry 26' 3PT Step Back Jump Shot (5 PTS) (Hield 1 AST)
0022400084,268,2,PT06M14.00S,2,1,MISS Curry 4' Cutting Finger Roll Layup Shot
0022400084,374,2,PT00M00.80S,2,1,MISS Curry 7' Driving Floating Jump Shot
0022400084,384,3,PT11M50.00S,1,1,Curry 26' 3PT Jump Shot (10 PTS) (Green 3 AST)
0022400084,405,3,PT10M10.00S,1,1,Curry 18' Step Back Jump Shot (12 PTS)
0022400084,419,3,PT09M31.00S,2,1,MISS Curry 4' Cutting Layup Shot
0022400084,446,3,PT08M44.00S,1,1,Curry 3PT Jump Shot (15 PTS) (Green 4 AST)
0022400084,461,3,PT07M38.00S,2,1,MISS Curry 28' 3PT Running Pull-Up Jump Shot
0022400084,466,3,PT07M05.00S,1,1,Curry 14' Fadeaway Jumper (17 PTS)
0022400084,470,3,PT06M29.00S,2,1,MISS Curry 27' 3PT Jump Shot
0022400084,503,3,PT04M09.00S,2,1,MISS Curry 24' 3PT Jump Shot
0022400084,509,3,PT03M28.00S,2,1,MISS Curry 3PT Jump Shot
0022400084,517,3,PT02M24.00S,1,1,Curry 28' 3PT Jump Shot (20 PTS) (Hield 6 AST)
0022400084,521,3,PT02M02.00S,2,1,MISS Curry 27' 3PT Step Back Jump Shot
0022400101,9,1,PT11M32.00S,1,1,Curry 24' 3PT Jump Shot (3 PTS) (Jackson-Davis 1 AST)
0022400101,43,1,PT08M19.00S,1,1,Curry 28' 3PT Running Pull-Up Jump Shot (6 PTS)
0022400101,107,1,PT03M26.00S,2,0,MISS Curry 24' 3PT Jump Shot
0022400101,330,2,PT03M37.00S,2,1,MISS Curry 31' 3PT Pullup Jump Shot
0022400101,356,2,PT01M39.00S,1,1,Curry 26' 3PT Pullup Jump Shot (9 PTS)
0022400101,370,2,PT00M01.60S,2,1,MISS Curry 43' 3PT Pullup Jump Shot
0022400101,419,3,PT09M34.00S,1,1,Curry 3' Running Finger Roll Layup (13 PTS)
0022400101,422,3,PT09M09.00S,1,1,Curry 10' Driving Floating Jump Shot (15 PTS)
0022400101,450,3,PT07M26.00S,2,1,MISS Curry 3' Running Layup
0022400101,465,3,PT05M54.00S,2,1,MISS Curry 4' Driving Layup
0022400101,481,3,PT04M19.00S,1,1,Curry 25' 3PT Pullup Jump Shot (18 PTS) (Looney 1 AST)
